timestamp,concept,puzzle,test_idx,effort,is_correct,err,tools_used,answer,summary,programming_calls,Rule,Rule_correct,Rule_correct_label,validated,validation_level,starred,rule_evaluation_reasoning
2024-01-15T10:30:00Z,AboveBelow,AboveBelow1,1,3,1,,0,"[[1, 2, 3], [4, 5, 6], [7, 8, 9]]","The pattern involves moving objects above the line to below the line. I identified that all blue objects above the horizontal line should be moved to corresponding positions below the line.",0,"Move all objects above the horizontal line to below the line","1","Correct - Intended","1","2","0","The rule correctly identifies the core transformation pattern of moving objects from above to below a reference line."
2024-01-15T10:35:00Z,AboveBelow,AboveBelow1,2,2,1,,0,"[[0, 1, 0], [2, 3, 4], [0, 5, 0]]","Similar to the first test, I need to move objects above the line to below. The blue objects at positions (1,0) and (1,2) should be moved to (1,1) and (1,3) respectively.",0,"Move objects above the line to below the line","1","Correct - Intended","1","2","1","Consistent application of the above-to-below transformation rule."
2024-01-15T10:40:00Z,AboveBelow,AboveBelow2,1,4,0,Shape mismatch,0,"[[1, 2], [3, 4]]","I attempted to apply the same rule but got the dimensions wrong. The output should maintain the same grid size as the input.",0,"Move objects above the line to below the line","0","Incorrect","0","0","0","The rule is correct but the implementation failed due to dimension mismatch."
2024-01-15T10:45:00Z,Center,Center1,1,2,1,,0,"[[0, 0, 0], [0, 1, 0], [0, 0, 0]]","The pattern is to place a single object at the center of the grid. For a 3x3 grid, the center is at position (1,1).",0,"Place a single object at the center of the grid","1","Correct - Intended","1","2","0","Correctly identifies the center placement pattern."
2024-01-15T10:50:00Z,Center,Center1,2,1,1,,0,"[[0, 0, 0, 0], [0, 0, 1, 0], [0, 0, 0, 0], [0, 0, 0, 0]]","For a 4x4 grid, the center is at position (1,2) or (2,1). I chose (1,2) to maintain consistency.",0,"Place a single object at the center of the grid","1","Correct - Intended","1","2","0","Consistent application of center placement rule."
2024-01-15T10:55:00Z,Copy,Copy1,1,3,1,,0,"[[1, 2, 3], [4, 5, 6], [7, 8, 9]]","The pattern is to copy the input grid exactly to the output. No transformation is needed.",0,"Copy the input grid exactly to the output","1","Correct - Intended","1","2","0","Correctly identifies the copy operation."
2024-01-15T11:00:00Z,Copy,Copy1,2,1,1,,0,"[[0, 1, 0], [1, 0, 1], [0, 1, 0]]","Same as before, just copy the input pattern to the output.",0,"Copy the input grid exactly to the output","1","Correct - Intended","1","2","0","Consistent copy operation."
2024-01-15T11:05:00Z,Count,Count1,1,5,0,Incorrect count,0,"[[2, 2, 2], [2, 2, 2], [2, 2, 2]]","I tried to count the number of blue objects but got confused about the counting logic. The output should show the count of blue objects in each row.",0,"Count the number of blue objects in each row","0","Incorrect","0","0","0","The counting logic was incorrect, leading to wrong output."
2024-01-15T11:10:00Z,Count,Count1,2,4,1,,0,"[[1, 1, 1], [2, 2, 2], [0, 0, 0]]","Now I understand - count the blue objects in each row and place that count in the corresponding output row.",0,"Count the number of blue objects in each row","1","Correct - Intended","1","2","0","Correctly implements the counting rule."
2024-01-15T11:15:00Z,ExtractObjects,ExtractObjects1,1,6,0,Missing objects,0,"[[1, 0, 0], [0, 0, 0], [0, 0, 0]]","I tried to extract the blue objects but missed some. The rule is to extract all blue objects and place them in the output.",0,"Extract all blue objects from the input","0","Incorrect","0","0","0","Failed to identify all blue objects in the input."
