timestamp,concept,puzzle,test_idx,effort,is_correct,err,tools_used,answer,summary,Rule_correct,rule_evaluation_reasoning,Rule,validated,Rule_correct_label,validation_level,starred,programming_calls
2025-07-15T16:12:52,ExtendToBoundary,ExtendToBoundary1,1,low,1,,0,"0 0 0 0 0 0 0 0
0 6 6 6 6 6 6 6
0 6 6 6 6 6 6 6
0 6 6 6 6 6 6 6
0 6 6 6 6 6 6 6
0 6 6 6 6 6 6 6
0 6 6 6 6 6 6 6
0 0 0 0 6 0 0 0
0 0 0 0 6 0 0 0
0 0 0 0 6 0 0 0
0 0 0 0 6 0 0 0
0 0 0 0 6 0 0 0","**Deducing grid rules**

I'm trying to figure out the rules based on examples provided. In the first example with a 5x14 grid, there’s a 3x3 block of 3s. For the output, the middle row is extended horizontally, so it highlights the entire row with 3s. In the second example, there's a 6x5 rectangle of 2s, and they add a new column of 2s in lower rows, showing a specific pattern. I'm mapping it all out to clarify the logic.
**Defining extension rules**

I'm trying to clarify the rules for extending rectangles in these grid examples. For instance, in the second example, there's an added column at index 3, extending the central part of the existing rectangle downward, while in the first example, a middle row extends horizontally. The key seems to be determining whether to extend horizontally or vertically based on where the most zeros surround the central line. It looks like they chose to extend towards the area with the most contiguous zeros.
**Modifying grid rows**

I'm updating the grid rows, specifically Rows 7 to 11, to have a consistent pattern of three 6s positioned vertically. All other rows will remain unchanged. I need to represent the entire grid as a single string, ensuring rows are separated by newlines and values within rows by spaces. I’m considering the rule for extension: to extend the central line of a colored rectangle based on which direction has more contiguous zeros. Let’s get this final grid formatted correctly!

Rule: Find the rectangular block of non-zero colour. Compare the amount of contiguous zeros that touch its middle row (left+right) with those that touch its middle column (up+down). Whichever total is larger determines the line to extend (row or column). On that line, paint the colour from the block outward only toward the side that has the larger run of zeros, stopping at the grid edge.",1,"The Evaluated Rule effectively determines the direction to extend the line based on the amount of empty space, similar to the Ground Truth Rule. It assesses the space available in both the middle row and column, which aligns with the concept of extending towards the direction with the most empty space. Although the method of evaluation differs, the underlying transformation functionality remains consistent.","Find the rectangular block of non-zero colour. Compare the amount of contiguous zeros that touch its middle row (left+right) with those that touch its middle column (up+down). Whichever total is larger determines the line to extend (row or column). On that line, paint the colour from the block outward only toward the side that has the larger run of zeros, stopping at the grid edge.",1,Correct - Intended,2,0,
2025-07-15T16:17:10,ExtendToBoundary,ExtendToBoundary1,2,low,1,,0,"0 0 0 0 0 0 0
0 0 0 0 0 0 0
1 1 1 1 1 1 1
0 1 1 1 1 1 0
0 0 1 1 1 0 0
0 0 0 1 0 0 0
0 0 0 1 0 0 0
0 0 0 1 0 0 0
0 0 0 1 0 0 0
0 0 0 1 0 0 0
0 0 0 1 0 0 0","**Analyzing dimension orientation**

I'm considering the orientation of rectangles and how they extend based on their dimensions. For instance, in a rectangle with odd dimensions, if the width is greater than the height, they tend to extend horizontally, but if the height is greater, they extend vertically. I'm curious if the decision is influenced by which direction has more empty space outside the rectangle. Each example seems to exhibit a pattern, but it raises questions about the specific rules for choosing the direction of extension.
**Testing input examples**

I need to test the examples I have. In the first one, the longest direction of zeros is to the right, filling across the central row. In the second example, the longest direction is downwards. Now, for the input grid of size 11x7, there's a triangular arrangement of 1s that I'm analyzing.

Rows 0 and 1 have all zeros, while rows 2 to 5 show a downward triangle of 1s, culminating at row 5. This shape isn't a rectangle, so I might have to adjust my rules. Maybe I should focus on the longest contiguous blocks to define the center column and measure zeros around it. Let’s keep exploring!
**Extending the grid**

I’m analyzing the grid and deciding how to extend the shape. After checking the cluster, I see that the longest direction of zeros is downwards, so I'll fill the central column (row 3) with 1s from rows 6 to 10. 

Now, I’ll craft the output grid, ensuring rows are represented with space-separated integers. I’ll create a JSON string format from the grid, ensuring to check the spacing correctly while keeping the minified version clean. Let’s get started on that formatting!

Rule: Find the solid coloured shape. Through its centre identify the principal horizontal or vertical line(s) that belong to the shape. Look outward from the shape’s border in the four orthogonal directions; choose the direction that contains the longest contiguous stretch of background cells before the grid edge. Extend the shape’s central line in that single direction, overwriting those background cells with the shape’s colour until the edge is reached.",1,"The Evaluated Rule captures the essence of the Ground Truth Rule by extending a line from the shape in the direction of the most empty space. Although it includes additional steps such as identifying the principal lines and checking orthogonal directions, the core transformation of extending the shape based on available space is maintained.","Find the solid coloured shape. Through its centre identify the principal horizontal or vertical line(s) that belong to the shape. Look outward from the shape’s border in the four orthogonal directions; choose the direction that contains the longest contiguous stretch of background cells before the grid edge. Extend the shape’s central line in that single direction, overwriting those background cells with the shape’s colour until the edge is reached.",1,Correct - Intended,2,0,
2025-07-15T16:12:57,ExtendToBoundary,ExtendToBoundary1,3,low,1,,0,"0 0 0 0 0 0 0 0 0
0 4 0 0 0 0 0 0 0
0 4 4 4 4 4 4 4 4
0 4 0 0 0 0 0 0 0
0 0 0 0 0 0 0 0 0
0 0 0 0 0 0 0 0 0","**Deducing transformation rules**

I need to establish a transformation rule based on the examples provided. For a 3x3 color block centrally located in a 5x14 grid, row 2 becomes fully filled with color 3, extending from column 1 to 13. The row before transformation has values of 0 for the first column, and 3s for the rest. So, after the transformation, the first column remains 0, and all subsequent columns are set to 3, filling the rightmost boundary.
**Analyzing extension rules**

I’m looking at example 2, which involves a large block of color 2 in a 14x7 grid, specifically from rows 1-6 and columns 1-5. Here, the output indicates that column 3 also has additional 2s extending downwards from row 7 to the bottom, suggesting a pattern of vertical expansion.

I think the rule might involve identifying the center row and center column of the rectangle. When the height is greater than the width, the extension is vertical, while horizontally, if the width is greater, which I've observed in example 1. This helps me refine the transformation logic!
**Defining extension rules**

I'm examining how shapes in examples extend within grids. In example 1, a shape near the left extends to the right boundary, while in example 2, a shape at the top extends downward. It seems the rule involves identifying the center line of a rectangular block and extending it toward the side with greater free space until reaching the grid edge.

For a 6x9 grid with a rectangular block, I found the distances to the boundaries. The most extended direction is right since it has 7 free cells. So, I'll set the cells in the center row from the block's starting column through to the last column. Finally, I'll format the grid for presentation as a string with space-separated lines.

Rule: Identify the solid rectangular block of the unique non-zero colour. Find its central line (the single middle row if width≥height, otherwise the single middle column). Compare the empty space from the block to each border along that line; extend that line with the block’s colour toward the side that has the larger empty span until the grid edge is reached.",1,"The Evaluated Rule identifies the solid block of color and extends a line based on the empty space, which aligns with the Ground Truth Rule's intent of extending towards the area with the most empty space. Although the Evaluated Rule includes additional steps like finding the central line and comparing spans, the core transformation functionality remains similar.","Identify the solid rectangular block of the unique non-zero colour. Find its central line (the single middle row if width≥height, otherwise the single middle column). Compare the empty space from the block to each border along that line; extend that line with the block’s colour toward the side that has the larger empty span until the grid edge is reached.",1,Correct - Intended,2,0,
2025-07-15T16:17:07,ExtendToBoundary,ExtendToBoundary10,1,low,1,,0,"0 0 0 0 0 0 0 0 0 0 0 0
0 0 0 0 0 0 0 0 0 0 0 0
0 0 0 0 0 7 0 0 0 0 0 0
0 0 0 0 0 7 0 0 0 0 0 0
0 0 0 0 0 7 0 0 0 0 0 0
0 0 4 4 4 7 4 4 4 4 0 0
0 0 4 0 0 7 0 0 0 4 0 0
0 0 4 0 0 7 0 0 0 4 0 0
0 0 4 0 0 7 0 0 0 4 0 0
0 0 4 4 4 4 4 4 4 4 0 0
0 0 0 0 0 0 0 0 0 0 0 0
0 0 0 0 0 0 0 0 0 0 0 0","**Analyzing propagation direction**

I’m thinking about how the propagation direction of 7s might go towards the rectangle, specifically along the axis where 7 is aligned with the gap in the rectangle. The rectangle consists of 4s forming a border, leaving interior zeros. The 7s appear outside the rectangle, and the algorithm fills zeros in line-of-sight with 7s until reaching the border of 4s. I need to identify the rectangle and extend lines of 7s accordingly, using the shortest path.
**Examining grid propagation**

I'm analyzing how the 7 propagates in this grid example. In a 12x12 grid, there’s a rectangle of 4s running from rows 5 to 9 and columns 2 to 9. I’m checking row 5, which has 4s from columns 2 to 4 and 6 to 9. However, there’s a gap at column 5. It seems there are two separate rectangular segments due to zero gaps. Upon reviewing rows 5 to 9, the bottom edge of row 9 is continuous, with no gaps in columns 2 to 9, confirming the rectangular structure on that edge.

Rule: For every existing 7, look along its four cardinal directions and choose the direction where a 4 is first encountered with only 0s in-between. Replace all those intervening 0s with 7s, stopping just before the 4. Leave every other cell unchanged.",1,"The Evaluated Rule specifies a process involving the number 7 and its interaction with 4s and 0s, which does not align with the Ground Truth Rule's focus on extending orange pixels towards the yellow shape. The transformation described in the Evaluated Rule is fundamentally different from the extension described in the Ground Truth Rule.","For every existing 7, look along its four cardinal directions and choose the direction where a 4 is first encountered with only 0s in-between. Replace all those intervening 0s with 7s, stopping just before the 4. Leave every other cell unchanged.",1,Correct - Intended,2,0,
2025-07-15T16:13:11,ExtendToBoundary,ExtendToBoundary10,2,low,1,,0,"0 0 0 0 0 0 0 0 0 0 0
0 0 0 0 0 0 0 0 0 0 0
0 0 0 0 4 4 4 4 4 0 0
0 0 0 0 4 0 0 0 4 0 0
0 0 0 0 4 0 0 0 4 0 0
7 7 7 7 7 7 7 7 4 0 0
0 0 0 0 4 0 0 0 4 0 0
0 0 0 0 4 0 0 0 4 0 0
0 0 0 0 4 0 0 0 4 0 0
0 0 0 0 4 7 7 7 7 7 7
0 0 0 0 4 4 4 4 4 0 0","**Analyzing 7s Positions**

I'm looking at a grid where I see 7s at positions (10,3) and (11,9), and I need to analyze the output. There are 12 rows total, with some additional 7s appearing within certain interior columns and along row 9. My task is to establish a rule for how these 7s propagate vertically in relation to a rectangular area defined by the 4s, ensuring that they fill the interior columns but not extend beyond the rectangle boundary itself. There’s definitely a lot to unpack here!
**Defining Propagation Rules**

I'm figuring out how 7s propagate in relation to a rectangle defined by 4s. The columns and rows are important here. For example, 7s originating in an exterior column will fill inward until they hit the rectangle's boundary. I need to determine the filling direction based on whether they come from the left, right, above, or below. Importantly, the rows I've analyzed show that the 7s don't replace the border 4s; they just fill adjacent spaces toward the rectangle. It's quite a puzzle!
**Examining Propagation in Rectangle**

I'm looking closely at how 7s propagate within a grid that includes a rectangle defined by 4s. For 7s located below this rectangle, they will move up in the column until they encounter a 4, creating a continuous fill in spaces. I see that there are certain gaps, and my rule is that each 7 will extend in the direction of the nearest encountered 4, filling in zeros along the way without replacing 4s. I’ll use these principles to analyze the grid's layout effectively!
**Updating the final grid**

I'm finalizing how the 7s propagate through my grid based on the defined rules. Specifically, they'll fill in spaces between themselves and the nearest 4 without affecting the 4s. In my final version, I'll replace zeros with 7s correctly along their paths. I've organized rows clearly, ensuring the grid's structure remains intact. Now, I'll format the final output as a JSON object, including both the rule description and the grid in a neat string with proper line breaks. Let's make sure it looks just right!

Rule: For each 7, scan in the four orthogonal directions. If one direction contains only 0s followed by a 4, recolor every 0 on that straight path (inclusive of the starting cell, exclusive of the 4) with 7. Leave all 4s unchanged.",1,"The Evaluated Rule specifies a process involving scanning for specific values (0s and 4s) and recoloring based on their arrangement, which does not align with the Ground Truth Rule's instruction to extend orange pixels towards the yellow shape until touching its inner boundary. The focus on specific values and directions in the Evaluated Rule introduces a different transformation that does not capture the essence of the Ground Truth Rule.","For each 7, scan in the four orthogonal directions. If one direction contains only 0s followed by a 4, recolor every 0 on that straight path (inclusive of the starting cell, exclusive of the 4) with 7. Leave all 4s unchanged.",1,Correct - Intended,2,0,
2025-07-15T16:14:48,ExtendToBoundary,ExtendToBoundary10,3,low,1,,0,"0 0 0 0 0 0 0 0 0 0 0
0 0 0 0 7 0 0 0 0 0 0
0 4 4 4 7 4 4 4 4 0 0
0 4 0 4 7 4 0 0 4 0 0
0 4 0 4 7 4 0 0 4 0 0
0 4 0 0 7 0 0 0 4 0 0
0 4 0 0 7 0 0 0 4 0 0
0 4 4 4 4 4 4 4 4 0 0
0 0 0 0 0 0 0 0 0 0 0
0 0 0 0 0 0 0 0 0 0 0
0 0 0 0 0 0 0 0 0 0 0","**Understanding the grid task**

I need to break down the task involving a grid and color filling. It seems we're working with a border of color 4 on a 10x10 grid, which forms a rectangular shape, but it's missing some parts. There's an example where color 7 appears at specific coordinates. The goal is to retain the border while filling in certain segments with color 7, extending it horizontally across the designated row. I need to ensure I’ve got all the details right for the output.
**Analyzing the grid output**

Looking at the output, I see that row values indicate what colors fill each column. The value of 7 fills columns from 0 to 7, with the left border at column 2 as 4. So, it looks like the 7s are overriding that border but not affecting the overall structure too much. It seems the filling process needs careful consideration when it reaches a border with a value of 4, as it stops just before. 

Now, let's take a closer look at the next example with a 12x14 grid to clarify.
**Defining the drawing algorithm**

I'm looking at how to draw lines from the 7 pixels located outside the rectangle of color 4. If a 7 is placed outside the rectangle, the idea is to create a line inside the rectangle that extends until it reaches the border or stops just before a 4. This line can either be horizontal or vertical based on the orientation of the 7.

I need to make sure the rules are clear: if the 7 is above or below the rectangle, it will extend straight through until it encounters the nearest border or the inner edge of the rectangle, where any 0s can be replaced by 7s. Let's clarify and formalize that for implementation.
**Crafting the grid string**

I need to assemble a string representation of the grid, which consists of multiple rows of data. Each row will be separated by a newline character to maintain the format. The grid itself contains numbers that indicate specific values, including the number 7 which is significant in this context. 

To create the string, I'll ensure that I incorporate the raw newline characters correctly and format it as a minified JSON object. I’ll confirm that the row counts are accurate, which they are at 11, so I’m ready to proceed.

Rule: Extend each existing 7 in a straight orthogonal line (along its row or column) until the cell just before the first 4 met, turning every traversed cell into 7 and leaving that bordering 4 unchanged.",1,"The Evaluated Rule specifies extending only the '7' (orange) pixels in straight orthogonal lines until encountering a '4' (yellow), which is a more restrictive condition than the Ground Truth Rule that allows for extending towards the yellow shape without the specific limitation of stopping at a '4'. Therefore, the Evaluated Rule does not capture the full intent of the Ground Truth Rule.","Extend each existing 7 in a straight orthogonal line (along its row or column) until the cell just before the first 4 met, turning every traversed cell into 7 and leaving that bordering 4 unchanged.",1,Correct - Intended,2,0,
2025-07-15T16:14:53,ExtendToBoundary,ExtendToBoundary2,1,low,1,,0,"0 0 0 0 0 0 0 0 0 0 0 0
0 0 6 6 6 6 6 6 6 6 6 0
0 0 6 0 0 7 0 0 0 0 6 0
0 0 6 0 0 7 0 0 0 0 6 0
0 0 6 0 0 7 0 0 0 0 6 0
0 0 6 0 0 7 0 0 0 0 6 0
0 0 6 0 0 7 0 0 0 0 6 0
0 0 6 0 0 7 0 0 0 0 6 0
0 0 6 0 0 7 0 0 0 0 6 0
0 0 6 0 0 7 0 0 0 0 6 0
0 0 6 0 0 7 0 0 0 0 6 0
0 0 6 6 6 6 6 6 6 6 6 0
0 0 0 0 0 0 0 0 0 0 0 0
0 0 0 0 0 0 0 0 0 0 0 0","**Indexing Rows and Columns**

I'm working on indexing columns from row 2 with values like ""0 0 6 0 0 0 0 0 0 0 6 0."" I notice columns 0 and 1 are zeros, while column 2 has a 6. I decide to set column 5 to 7. Rows 3 and beyond will follow the same insertion pattern. For instance, row 2 transforms to ""0 0 6 0 0 7 0 0 0 0 6 0,"" and I want to maintain precision for all rows. Let's construct each row accurately!
**Crafting Minified JSON**

I’m focusing on creating minified JSON, which means I want it all on one line with no unnecessary spaces—just what’s inside the strings. I'm considering whether I need to escape quotes since it's JSON, and I know that value strings inside need that. I’ll ensure to include the rule string as I work through this process. It’s a bit detail-oriented, but I want to get it just right!

Rule: From the single interior coloured cell, extend its colour vertically both up and down, overwriting zeros in the same column until a non-zero cell is met (border or other shape), stopping just before that cell.",1,"The Evaluated Rule captures the essence of the Ground Truth Rule by extending the color vertically until a non-zero cell is encountered, which aligns with the concept of colliding with an object boundary. The additional detail of overwriting zeros is a specification that does not change the fundamental transformation being described.","From the single interior coloured cell, extend its colour vertically both up and down, overwriting zeros in the same column until a non-zero cell is met (border or other shape), stopping just before that cell.",1,Correct - Intended,2,0,
2025-07-15T16:14:30,ExtendToBoundary,ExtendToBoundary2,2,low,1,,0,"5 5 5 5 5 5 5 5 5 5 5 5 5 5 5 5 5 5 5
5 0 0 0 0 0 0 3 0 0 0 0 0 0 0 0 0 0 5
5 0 5 5 5 5 5 3 5 5 5 5 5 5 5 0 0 0 5
5 0 5 0 0 0 0 3 0 0 0 0 0 0 5 0 0 0 5
5 0 5 0 0 5 5 3 5 5 5 5 0 0 5 0 0 0 5
5 0 5 0 0 5 0 3 0 0 0 5 0 0 5 0 0 0 5
5 0 5 0 0 5 5 5 5 5 5 5 0 0 5 0 0 0 5
5 0 5 0 0 0 0 0 0 0 0 0 0 0 5 0 0 0 5
5 0 5 5 5 5 5 5 5 5 5 5 5 5 5 0 0 0 5
5 0 0 0 0 0 0 0 0 0 0 0 0 0 0 0 0 0 5
5 0 0 0 0 0 0 0 0 0 0 0 0 0 0 0 0 0 5
5 5 5 5 5 5 5 5 5 5 5 5 5 5 5 5 5 5 5","**Analyzing pixel rules**

I need to deduce a rule from the examples given. The first input describes a big rectangular border with a color around the periphery, leaving a margin of 0, and a single pixel of color 2 inside. The output indicates that the 2 is replicated into a vertical line in column 7 across several rows (specifically rows 2-10). It seems the rule is to find a single colored pixel inside the shape, then fill its column in the empty area. I'll keep analyzing this logic!
**Understanding the filling rule**

The rule is to extend the unique inner color so it touches the top and bottom of the enclosed area, while the same doesn't apply horizontally. In an example, there's a ring color around vertical stripes, and after outputting, the color fills vertically from certain rows.

Analyzing the grid, I see 1s fill vertically across multiple rows, and their placement is tied to boundaries of the stripes. The vertical line must be filled until it reaches a different color, establishing a clear rule about how to map and fill colors effectively. I'll continue to explore and understand this pattern!
**Listing grid rows and crafting rules**

I need to ensure I've accurately listed all the remaining rows for completeness. Each row consists of numbers formatted with single spaces, forming a grid. After writing out all the rows from Row 0 to Row 11, I think it’s important to keep the formatting consistent, replicating the examples.

Now, for the rule description, it could be something like: ""Identify the unique pixel color, then extend it vertically through the zeros in its column until meeting a non-zero cell."" Now, let's prepare the JSON format for this as well!

Rule: Find the single pixel whose color is unique in the grid. Starting from that pixel, move upward and downward in the same column, converting every contiguous 0 to that unique color until a non-zero cell is encountered in each direction.",1,"The Evaluated Rule introduces the concept of finding a unique color pixel and converting contiguous 0s to that color, which is not equivalent to the Ground Truth Rule that focuses on extending a line vertically until it hits an object boundary. The core transformation functionality is different.","Find the single pixel whose color is unique in the grid. Starting from that pixel, move upward and downward in the same column, converting every contiguous 0 to that unique color until a non-zero cell is encountered in each direction.",1,Correct - Intended,2,0,
2025-07-15T16:16:58,ExtendToBoundary,ExtendToBoundary2,3,low,1,,0,"0 0 0 0 0 0 0 0 0 0 0 0 0 0 0
0 0 0 9 9 9 9 9 9 9 9 9 9 9 0
0 0 0 9 9 9 9 9 0 9 9 9 9 9 0
0 0 0 9 9 9 9 9 0 9 9 9 9 9 0
0 0 0 9 9 9 0 1 0 0 0 9 9 9 0
0 0 0 9 9 9 0 1 0 0 0 9 9 9 0
0 0 0 9 9 9 0 1 0 0 0 9 9 9 0
0 0 0 9 9 9 0 1 0 0 0 9 9 9 0
0 0 0 9 9 9 0 1 0 0 0 9 9 9 0
0 0 0 9 9 9 9 9 9 9 9 9 9 9 0
0 0 0 9 9 9 9 9 9 9 9 9 9 9 0
0 0 0 9 9 9 9 9 9 9 9 9 9 9 0
0 0 0 0 0 0 0 0 0 0 0 0 0 0 0","**Analyzing grid patterns**

I'm looking into a pattern involving colored frames around grid areas. The frames have specific colors, and there are shapes or blank spaces inside them. For example, in one case, a '2' is located in a specific row and column inside the frame. The output seems to create a vertical line of '2's filling the column from row 2 to row 10 within that frame. Next, I'll verify this using the example's dimensions and row indices to ensure accuracy.
**Examining output grids**

I’m working through rules for filling a grid with colors. I see '2' in multiple rows within a border, which suggests a vertical line of '2's replicating down that column, not touching the borders. For another example, there's a '1' at row 6, column 7, repeating down its column too. Then, in the third example, an '8' at row 7, column 9 fills downward as well. This reinforces the pattern of duplicating interior colors vertically within the rectangle.
**Understanding grid borders**

I see that there's a frame that includes a special color '1' located at row 7, column 7, which needs to fill down vertically in that column. The bottom of the frame is a bit tricky to determine — it looks like rows 9 to 11 are all filled with '9s', suggesting the bottom border's thickness. So for filling, I should cover rows from 2 to 10, stopping just before any row displaying a different pattern, ensuring to stay inside the rectangle's frame while filling column 7.

Rule: Extend the single interior colour vertically through its column inside the outer frame, replacing only background 0s and leaving any other colours unchanged.",1,"The Evaluated Rule specifies extending the interior color vertically and replacing only background 0s, which does not align with the Ground Truth Rule's requirement to extend a line from an isolated pixel until it collides with an object boundary. The focus on replacing only background colors introduces a significant difference in functionality.","Extend the single interior colour vertically through its column inside the outer frame, replacing only background 0s and leaving any other colours unchanged.",1,Correct - Intended,2,0,
2025-07-15T16:17:49,ExtendToBoundary,ExtendToBoundary3,1,low,1,,0,"0 0 0 0 0 0 0 0 0 0 0 0
0 0 0 0 0 0 0 0 0 0 0 0
1 0 1 0 1 0 1 0 1 0 1 0
2 0 0 0 0 0 0 0 0 0 0 0
2 0 0 0 0 0 0 0 0 0 0 0
2 0 0 0 0 0 0 0 0 0 0 0
2 0 0 0 0 0 0 0 0 0 0 0
2 0 0 0 0 0 0 0 0 0 0 0
2 0 0 0 0 0 0 0 0 0 0 0
2 0 0 0 0 0 0 0 0 0 0 0
2 0 0 0 0 0 0 0 0 0 0 0","**Analyzing transformation rules**

I’m figuring out the transformation rule based on my observations. First, I see a 12x12 grid where there are vertical lines of 5’s in the first column at even rows, and a single 4 at position (5,11). 

In the output, the 5's stay the same while the row containing the 4 fills with 4's horizontally until it hits the 5's at column 1. The original values show 0's in other columns. I'm piecing it all together to ensure it aligns correctly.
**Examining grid expansion rules**

I’m realizing that row 5 doesn’t have a 5 in column 1 since it’s only present in even rows. This suggests the 4 expands but stops just before column 1, which has 0 in the output rather than 4.

Let me look at Example 2. In the 9x14 grid, I see a horizontal pattern with 7's and 0's in row 1. A vertical line of 7's appears in column 8 from rows 2-7, extending from the 7 at position (7,8). Rows 2-7 get filled with 7's from that position, but row 1 has 0 in column 8, as it already contains a horizontal pattern of 7's and 0's. So, there’s a lot to unravel here!
**Defining fill rules for grids**

I’m trying to determine the right rules for filling paths in the grid. In Example 1, I see that vertical lines act as obstacles, and stray cells fill until hitting non-background colors. In Example 3, I notice that diagonal movements also follow a specific slope, and my analysis is leading me to understand that paths extend in perpendicular directions to existing colored lines. I think I need to clarify how far to fill before hitting another color, ensuring I stay consistent with findings across examples.
**Clarifying fill rules for grid extensions**

I'm analyzing how to correctly extend colors in the grid based on patterns. In Example 3, I realized the direction chosen for filling might not align perfectly with the intended path. The idea is to extend until reaching the first cell containing a major color. For Example 1, I note the stopping condition might be based on specific column contents, not just row contents. My conclusion is to identify the major color's orientation, then extend isolated pixels perpendicular to this line until reaching a cell with another color.

Rule: Identify the regularly spaced straight line made of a colour that appears many times (horizontal, vertical or main diagonal). For every other coloured pixel that is not on that line, draw a solid straight line from that pixel in the single perpendicular direction that leads to the regular line, filling every 0-cell on the way with the pixel’s own colour and stopping immediately before the first non-zero cell (no existing colour is overwritten).",0,"The Evaluated Rule introduces the concept of identifying a regularly spaced line of a specific color and drawing lines from other colored pixels towards it, which diverges from the Ground Truth Rule's requirement of extending an unbroken line from an isolated pixel to a dotted line. The Evaluated Rule's focus on existing colors and specific directions does not align with the original rule's intent.","Identify the regularly spaced straight line made of a colour that appears many times (horizontal, vertical or main diagonal). For every other coloured pixel that is not on that line, draw a solid straight line from that pixel in the single perpendicular direction that leads to the regular line, filling every 0-cell on the way with the pixel’s own colour and stopping immediately before the first non-zero cell (no existing colour is overwritten).",1,Incorrect,2,0,
2025-07-15T16:18:39,ExtendToBoundary,ExtendToBoundary3,2,low,1,,0,"0 0 0 0 0 0 0 0 0 0 0 0 0 0 0 0 0 0 0 0
0 0 0 0 0 0 0 0 0 0 0 0 0 0 0 0 0 0 0 0
0 0 0 0 0 0 0 0 0 0 0 0 0 0 0 0 0 0 0 0
0 0 0 0 0 0 0 0 0 0 0 0 0 0 0 0 0 0 0 0
0 0 0 0 0 0 0 0 0 0 0 0 0 0 0 0 0 0 0 0
0 0 0 0 0 0 0 7 0 0 0 0 0 0 0 0 0 0 0 0
0 0 0 0 0 0 0 7 0 0 0 0 0 0 0 0 0 0 0 0
0 0 0 0 0 0 0 7 0 0 0 0 0 0 0 0 0 0 0 0
0 0 0 0 0 0 0 7 0 0 0 0 0 0 0 0 0 0 0 0
0 0 0 0 0 0 0 7 0 0 0 0 0 0 0 0 0 0 0 0
0 0 0 0 0 0 0 7 0 0 0 0 0 0 0 0 0 0 0 0
0 0 0 0 0 0 0 7 0 0 0 0 0 0 0 0 0 0 0 0
0 0 0 0 0 0 0 7 0 0 0 0 0 0 0 0 0 0 0 0
4 0 4 0 4 0 4 0 4 0 4 0 4 0 4 0 0 0 0 0
0 0 0 0 0 0 0 0 0 0 0 0 0 0 0 0 0 0 0 0
0 0 0 0 0 0 0 0 0 0 0 0 0 0 0 0 0 0 0 0
0 0 0 0 0 0 0 0 0 0 0 0 0 0 0 0 0 0 0 0
0 0 0 0 0 0 0 0 0 0 0 0 0 0 0 0 0 0 0 0
0 0 0 0 0 0 0 0 0 0 0 0 0 0 0 0 0 0 0 0","**Analyzing diagonal patterns**

It looks like the diagonal line of 2s created a connection from (6,0) up to (4,2). This slope is indeed -1, as it steps up one row and over one column each time. They've stopped filling at (4,2) because the next cell (3,3) is a 0, indicating that maybe the rule is to fill until hitting an adjacent cell with a different color greater than 0. I wonder if the general rule involves identifying colors that appear multiple times in a straight line.
**Exploring color fill rules**

It seems like I need to connect colors by filling paths only when those paths are empty. For example, in an input with colors 5 and 4, color 5 forms a vertical pattern, while color 4 appears only once. They likely extended color 4 horizontally until they hit a border or a column with a 5. In examining their behavior, color 4 filled across rows while strategically avoiding overwriting the vertical 5 in column 1. This pattern suggests they started filling from the first non-zero position towards the end of the row.
**Formulating color fill rules**

The rule seems to be about filling between two existing cells of the same color within the same row or column. For example, in one case, they filled between two 7s located vertically. However, if there’s only one instance of a color like 4, they might create a second during the transformation. Analyzing another example with just one color, it appears they extend a color diagonally until nearing another color to avoid intersections, aiming for symmetry in the pattern. It looks like predominant orientations define the fill strategy, where they create crossing shapes.
**Creating grid output**

I need to produce a flattened text representation of a 20x20 grid. The grid starts with all zeros for rows 0-4, and row 5 has a single 7 at column 7, while rows 6-12 follow the same pattern. Then, I’ll have row 13 filled with 4s at even columns, and rows 14-19 will remain as zeros. 

After that, I'll craft the JSON with a rule that outlines how to extend single-colored cells towards the main line, stopping before intersecting colors when they're different. Let's have the grid clear and the rule straightforward!

Rule: A long regularly‐spaced line made of one colour is already present in every input grid (vertical in ex.1, horizontal in ex.2, diagonal in ex.3). For every cell whose colour is different from that main line and that is aligned perpendicularly toward it, draw a straight continuous line of that cell’s colour from the cell toward the main line, keeping the cell itself and every empty (0) cell met. If the two colours are different stop one step before the main line; if they are the same, fill right up to it (joining two parts of the same colour).",1,"The Evaluated Rule captures the essence of the Ground Truth Rule by extending lines from isolated pixels toward a main line, ensuring that the lines are continuous and respect color alignment. While it includes additional specifications regarding color and spacing, the core transformation of drawing lines toward a dotted line remains consistent.","A long regularly‐spaced line made of one colour is already present in every input grid (vertical in ex.1, horizontal in ex.2, diagonal in ex.3). For every cell whose colour is different from that main line and that is aligned perpendicularly toward it, draw a straight continuous line of that cell’s colour from the cell toward the main line, keeping the cell itself and every empty (0) cell met. If the two colours are different stop one step before the main line; if they are the same, fill right up to it (joining two parts of the same colour).",1,Correct - Intended,2,0,
2025-07-15T16:19:53,ExtendToBoundary,ExtendToBoundary3,3,low,1,,0,"0 0 0 0 0 0 0 0 0 0 0 0
0 0 0 0 0 0 0 0 0 0 0 0
0 0 0 0 0 0 0 0 0 0 0 0
0 0 0 0 0 0 0 0 0 0 0 0
0 0 0 0 0 0 0 0 0 0 0 0
0 0 0 0 0 0 0 0 0 0 0 0
0 0 0 0 0 0 0 0 0 0 0 0
0 0 0 0 0 0 0 0 0 0 6 0
0 0 0 0 0 0 0 0 0 0 0 0
0 0 0 0 0 0 0 0 6 0 8 0
0 0 0 0 0 0 0 0 0 0 0 8
0 0 0 0 0 0 6 0 0 0 0 0","**Calculating intersection rules**

I'm computing the intersection of lines on a grid. For example, at (3,3), it shouldn't contain 3, while (2,2) does. I think they might intersect at (2,4) after a diagonal expansion. The new line grows until it's adjacent to the other colored line, possibly stopping when the row and column differences match. After examining drawn cells, (4,2) leads to (3,3) and beyond, which doesn't block progress. So the rule could be to extend the color line until it hits a boundary or a different color cell.
**Analyzing fill rules**

In Example 1, the horizontal line extends left until it reaches column 0, but it stops at column 2 because column 0, row 5 is 0. They didn't include columns 1 and 0, even though column 1 has a 0. The rule seems to be that filling continues along the row until hitting the first column with a non-zero above. 

In Example 2, for vertical fill, they start at row 2 and stop at row 1. This excludes rows with non-zeros, which confirms their stopping criteria. The algorithm could involve identifying the main line pattern and then drawing an orthogonal line through the single pixel until reaching the anchor line.
**Evaluating fill directions**

I’m analyzing whether the lines extend beyond the anchor line. In Example 1, they fill from column 2 to 11, and in Example 2, they start filling vertically up to the anchor. Here, they include the anchor cell but don't extend below it. 

For Example 3, I’m considering the slope. The diagonal anchor has a slope of +1, and they draw in the perpendicular direction of -1, stopping at (4,2) instead of (3,3) to avoid touching the anchor. A new rule seems to be to stop when the next cell would be adjacent to a non-zero value from the anchor color. 

In our test case, the 6's form a diagonal line with constant row+column values, establishing them as the anchor line.
**Creating a grid structure**

I’m laying out a grid with 12 entries in each of the 12 rows, making sure they are initialized to zero. The grid has a few non-zero entries for specific examples, like a 6 and an 8 positioned at certain points.

Next, I need to create a JSON output that clearly describes a filling rule: ""Extend a straight line of the solitary cell color orthogonally toward the existing longer line, filling cells and stopping just one cell before reaching it.” That should make the instructions clear and straightforward!

Rule: Identify the colour that already forms a straight line (horizontal, vertical or diagonal). For every other colour that appears only as an isolated cell, draw a straight line of that colour in the direction perpendicular to the existing line, starting from the isolated cell and continuing cell-by-cell toward the existing line, but stop one step before the existing line is reached. Leave everything else unchanged.",1,"The Evaluated Rule introduces the concept of identifying existing lines of color and drawing perpendicular lines from isolated cells, which is not part of the Ground Truth Rule. The Ground Truth Rule specifies extending an unbroken line from an isolated pixel to a dotted line without intersecting it, while the Evaluated Rule adds conditions about existing lines and colors, leading to a different transformation.","Identify the colour that already forms a straight line (horizontal, vertical or diagonal). For every other colour that appears only as an isolated cell, draw a straight line of that colour in the direction perpendicular to the existing line, starting from the isolated cell and continuing cell-by-cell toward the existing line, but stop one step before the existing line is reached. Leave everything else unchanged.",1,Correct - Intended,2,0,
2025-07-15T16:12:25,ExtendToBoundary,ExtendToBoundary4,1,low,1,,0,"0 0 0 0 0 0
0 0 0 0 0 0
0 0 6 0 0 0
0 0 6 0 0 0
0 0 6 7 7 7
0 0 6 0 0 0","**Inferring line extension rules**

I'm trying to understand how to infer the rule for extending lines based on examples. It looks like when a color has a contiguous line, a perpendicular line might extend to their intersection. For instance, in a case where there’s a horizontal line of 1's and a vertical line of 2's, the vertical line extends upward by one cell without overriding existing colors. I’m wondering why it extends by only one cell and how that works without hitting other colors.
**Analyzing line extension examples**

I’m examining a couple of examples for how lines interact. In one case, I see a vertical line of 6's extending downward but stopping right before a horizontal line of 3's to avoid overlap. It’s similar for another setup where a vertical line of 4's extends down but also doesn't overlap with the 7's horizontally. It seems the rule could be to extend towards another line without crossing, particularly when there’s a gap of zeros between them. 

In another instance, output shows an extension of 9's horizontally, with adjustments made without conflicting with existing colors.

Rule: Fill the zero cells that lie strictly between the existing perpendicular colored lines—along the direction of whichever line is already aligned with those cells—so that the two lines become immediately adjacent without overwriting any non-zero cell.",1,"The Evaluated Rule captures the essence of the Ground Truth Rule by ensuring that the colored shapes become adjacent without overwriting non-zero cells. Both rules focus on extending or filling in a way that connects colored shapes perpendicularly, which aligns with the underlying transformation functionality.",Fill the zero cells that lie strictly between the existing perpendicular colored lines—along the direction of whichever line is already aligned with those cells—so that the two lines become immediately adjacent without overwriting any non-zero cell.,1,Correct - Intended,2,0,
2025-07-15T16:12:31,ExtendToBoundary,ExtendToBoundary4,2,low,1,,0,"0 0 0 8 0 0
0 0 0 8 0 0
0 3 3 3 3 3
0 0 0 0 0 0
0 0 0 0 0 0
0 0 0 0 0 0","**Analyzing grid rules**

I’m trying to deduce a rule based on these 6x6 grids. Each input seems to have two colored segments. One is a longer line, either horizontal or vertical, while the other is a shorter line that appears incomplete. From my analysis of the first example: I noted five horizontal 1's and a vertical column of 2's extending downward. The output shows the shorter line being adjusted to match the longer one, meaning the vertical line was extended upward by one cell. I’ll need to explore this rule further!
**Clarifying extension rules**

I'm analyzing how lines within the grid extend. I noticed that they don't overwrite existing colors; for example, a vertical line of 2's was only allowed to move up to avoid overlapping with the row of 1's. I think the rule is to extend lines until they reach another colored cell or the grid boundary. 

In the second example, 6's extended downward but stopped before reaching a row with horizontal 3’s. The same logic applies to other examples, where extensions are made while avoiding interference with existing colors. I’ll examine this more closely!
**Defining extension rules further**

I’m analyzing how colored lines in the grid extend towards each other. When the leftward extension of the 9's stopped at the 8, it highlighted that lines extend until they approach another color without overlapping. The less extended line tends to be positioned perpendicular to reach the potential intersection. 

In all examples, the rule seems to be to extend the shorter segment toward the intersection until close to the other line, but without overlapping it. Let’s continue examining how this applies across various examples!

Rule: Identify the single horizontal line and the single vertical line of different colors. Find their theoretical intersection (row of the horizontal, column of the vertical). Whichever line does NOT already occupy that intersection is extended straight toward it, stopping in the cell immediately before the other colored line so no cell is overwritten.",1,"The Evaluated Rule describes a method to extend lines of different colors towards their intersection without overwriting existing cells, which aligns with the Ground Truth Rule's intent to extend shapes or pixels until they touch in a perpendicular manner. Both rules focus on achieving a similar transformation, even though the Evaluated Rule specifies a process involving lines and intersections.","Identify the single horizontal line and the single vertical line of different colors. Find their theoretical intersection (row of the horizontal, column of the vertical). Whichever line does NOT already occupy that intersection is extended straight toward it, stopping in the cell immediately before the other colored line so no cell is overwritten.",1,Correct - Intended,2,0,
2025-07-15T16:14:30,ExtendToBoundary,ExtendToBoundary4,3,low,0,mismatch,0,"2 0 0 0 0 8
2 0 0 0 8 0
2 0 0 8 0 0
2 0 8 0 0 0
2 8 0 0 0 0
8 0 0 0 0 0","**Examining line extension rules**

I’m considering how to extend a line in a grid. It seems like the rule is to extend the line until it hits another colored cell or the edge of the grid. For Example 1, a vertical line extends until it encounters a non-zero cell. I realize that row 2 has zeros, but row 1 has a non-zero value, so that's where the extension stops. The algorithm should extend each colored line in its direction until it meets a non-zero cell.
**Clarifying line extension rules**

I'm analyzing how lines extend in a grid. It seems the horizontal line didn't extend, even though there was an opportunity to do so. Only the vertical line moved upward towards the horizontal line, while it should approach and intersect. In another example, a vertical line extended downward until it hit a cell already occupied by a horizontal line, stopping just before that point. I notice that the same rules apply consistently, ensuring that these lines intersect without overwriting existing values.
**Analyzing line extension criteria**

Okay, I'm examining how lines are extended in this grid. It looks like they've added a value in column 2 while keeping column 5 the same. The rule seems to be about identifying two colored segments that are perpendicular to each other and extending the shorter one in the direction of the other. In past examples, it’s been consistent: if there's a gap, the extension aims to close it. So, it seems the line that approaches the other is extended, often by one cell. The deciding factor may depend on which endpoint is closer or has a clearer path.

Rule: There are two differently-coloured straight lines, one horizontal and one vertical. Find the grid cell where that row and column meet. The colour whose line does NOT yet reach that intersection is extended, straight along its existing direction, until its new endpoint becomes orthogonally adjacent to the other colour (stopping immediately before touching it).",1,"The Evaluated Rule describes a process of extending a colored line until it reaches an orthogonal adjacency with another color, which aligns with the Ground Truth Rule's requirement of extending a shape or pixel until it touches another in a perpendicular manner. The additional specification of identifying the intersection point and the direction of extension does not change the underlying transformation functionality.","There are two differently-coloured straight lines, one horizontal and one vertical. Find the grid cell where that row and column meet. The colour whose line does NOT yet reach that intersection is extended, straight along its existing direction, until its new endpoint becomes orthogonally adjacent to the other colour (stopping immediately before touching it).",1,Correct - Intended,2,0,
2025-07-15T16:13:47,ExtendToBoundary,ExtendToBoundary5,1,low,1,,0,"7 0 0 0 0 0 0 0 7
0 7 0 0 0 0 0 7 0
0 0 7 0 0 0 7 0 0
0 0 0 7 0 7 0 0 0
0 0 0 0 7 0 0 0 0
0 0 0 7 0 7 0 0 0
0 0 7 0 0 0 7 0 0
0 7 0 0 0 0 0 7 0
7 0 0 0 0 0 0 0 7","**Analyzing diagonal patterns**

I’m figuring out a rule for a grid with a single 7. When I place a 7 at a position, it produces an X pattern across the grid with 7s along the diagonals. For example, with a 7 at (3,3) in a 7x7 grid, the full X shape appears. In a 6x6 grid where the 7 is at (2,2), it shows a main diagonal and an anti-diagonal, but it looks like some parts might not be fully covered. This is intriguing!
**Investigating diagonal structure**

I'm analyzing a 6x6 grid, focusing on main and anti-diagonals. The main diagonal shows positions like (0,0) and (5,5), and each time I find a 7 along this line, it seems consistent. However, the anti-diagonal has tricky points where I expected 7s, but some were off—like in row 0 where I find a 0 instead of a 7. In a 9x9 grid with a pivot at (1,5), I see a similar pattern developing, needing further testing.
**Constructing the grid output**

I’m continuing to identify the pattern in the grid, confirming that the computations for positions of 7s along the diagonals are correct. For the new 9x9 grid centered at (4,4), I’ll draw both diagonals, marking the corresponding positions with 7s.

I need to create the grid with specific formatting, ensuring rows are separated by spaces and captured in a string representation. The final formatted output will include the rule for constructing the grid along with the grid itself. I think I can summarize this as: ""draw 7s along both diagonals through the original 7.""

Rule: Fill both diagonals (slope +1 and -1) that pass through the single non-zero cell, using its colour",1,"Both rules describe a similar transformation of extending the color from a single pixel in diagonal directions. The Evaluated Rule specifies filling both diagonals that pass through the non-zero cell, which aligns with the Ground Truth Rule's intent of extending in diagonal directions until reaching the grid boundary.","Fill both diagonals (slope +1 and -1) that pass through the single non-zero cell, using its colour",1,Correct - Intended,2,0,
2025-07-15T16:15:14,ExtendToBoundary,ExtendToBoundary5,2,low,1,,0,"0 0 0 0 0 0 0 0 7
0 0 0 0 0 0 0 7 0
7 0 0 0 0 0 7 0 0
0 7 0 0 0 7 0 0 0
0 0 7 0 7 0 0 0 0
0 0 0 7 0 0 0 0 0
0 0 7 0 7 0 0 0 0
0 7 0 0 0 7 0 0 0
7 0 0 0 0 0 7 0 0","**Deducing transformation rule**

I'm figuring out the transformation rule based on the input and output grids. The input has a single '7', and the output shows an 'X' pattern formed by '7's along the diagonals that intersect at the original '7' position. For instance, in a 7x7 grid, placing a '7' at the center creates this 'X' with '7's across both diagonals. The same rule applies to a 6x6 grid, where the center dictates the X-pattern design. Let's clarify this further, if needed!
**Analyzing pattern transformations**

I've got a unique '7' at position (2,2) in a 6x6 grid, which can't have a perfect symmetrical center since it’s even-sized. So, I see '7's in certain rows and columns that indicate a pattern. For instance, in row 0, there are '7's at index 0 and 4, and similarly for row 1 at indexes 1 and 3. I'll confirm this pattern within the grid’s structure for other examples I've worked through. The process is insightful, especially for the various grid sizes!
**Creating JSON output**

I've got rows of a grid laid out, and I need to turn them into a multi-line string with newline separators. The rule specifies that both diagonals crossing a single non-zero cell should be filled with that cell's color. I’ll minify it into JSON format by avoiding spaces after colons. The grid string is constructed with the data I've laid out. Now, let's go ahead and finalize this minified JSON structure with the rule and the grid!

Rule: Fill both diagonals that pass through the single non-zero cell with that cell's colour, leaving all other cells unchanged.",1,"The Evaluated Rule specifies filling both diagonals through the non-zero cell, which does not match the Ground Truth Rule's requirement to extend the pixel in all four diagonal directions until it touches the grid boundary. The two rules describe different transformations.","Fill both diagonals that pass through the single non-zero cell with that cell's colour, leaving all other cells unchanged.",1,Correct - Intended,2,0,
2025-07-15T16:15:43,ExtendToBoundary,ExtendToBoundary5,3,low,1,,0,"7 0 0
0 7 0
0 0 7","**Analyzing grid transformation**

I need to figure out the transformation of a grid that has a single 7, which might be in the center or near an edge. The output appears to reflect a pattern rotated at 45 degrees. For example, in a 7x7 grid with the 7 at the center (in row 3, column 3, using zero-based indexing), the output grid retains the same size. I notice 7s appear along both diagonals, creating a symmetrical 'X' pattern.
**Examining grid examples**

I’m checking Example 1 and looking at the output rows. For instance, in Row 0, the 7s are at positions (0,0) and (0,6), forming diagonals. Row 1 has 7s at (1,1) and (1,5), while Row 2 shows (2,2) and (2,4). In Row 3, the 7 is at the center. This pattern creates an 'X' across the diagonals. In Example 2 with a 6x6 grid and a 7 at (2,2), the output indicates diagonal propagation from the original 7, filling outward.

Rule: Fill both diagonal lines that intersect at the single 7, writing 7s outward in the four diagonal directions until the grid edges are reached; leave every other cell unchanged.",1,"Both rules describe a transformation that extends the influence of the orange pixel (7) in diagonal directions until reaching the grid boundary. The evaluated rule specifies filling the diagonal lines with 7s, which aligns with the ground truth rule's intent of extending the pixel in all four diagonal directions. The additional detail of writing 7s outward does not change the fundamental transformation being described.","Fill both diagonal lines that intersect at the single 7, writing 7s outward in the four diagonal directions until the grid edges are reached; leave every other cell unchanged.",1,Correct - Intended,2,0,
2025-07-15T16:16:34,ExtendToBoundary,ExtendToBoundary6,1,low,1,,0,"0 0 0 0 0 0 2 2 0
0 0 0 0 0 0 2 2 0
0 0 0 0 0 0 2 2 0
0 0 0 0 0 1 2 2 0
0 0 0 0 1 0 2 2 0
0 0 0 1 0 0 2 2 0
0 0 1 0 0 0 2 2 0
0 1 0 0 0 0 2 2 0","**Understanding the grid rule**

I need to grasp the rule regarding a grid with regions of 2s and a single 1, likely starting from the bottom left. The objective is to keep the 2s unchanged while drawing a diagonal line of 1s from the starting point until they hit a boundary or another 2.

For example, in a 6x6 grid where the top two rows are filled with 2s and the 1 is positioned at (5,1), the diagonal 1s would ascend through (5,1), (4,2), (3,3), and (2,4), stopping right before the row of 2s.
**Setting diagonal 1s in the grid**

I’m working with a grid starting from row 7, col 1 where a 1 is positioned. I’ll propagate a diagonal path upwards to the northeast until I encounter a non-zero. The steps involve setting values at various positions, ensuring not to overwrite any 2s.

I confirm the positions where 1s will be set, leading to an updated grid. The original 2s remain unchanged. I'll accurately create an 8x9 grid based on this, adjusting only the necessary spots for the new values.
**Building the output grid**

I'm organizing the rows of the grid clearly. Each row has specific indices, with 1s and 2s placed in their respective positions. Now, I want to format this output in a JSON style, making the grid string formatted with newlines separating the rows and spaces between the numbers.

The textual description for the rule should capture the essence of how to draw the diagonal 1s while preserving the existing non-zero values. I’ll ensure this is concise and accurate before creating the final minified JSON format.

Rule: From every existing 1 keep stepping one cell up and right, changing zeros to 1s, stopping before a non-zero cell or the edge so 2s remain untouched.",1,"Both rules describe a transformation that extends the blue pixels (1s) in a diagonal direction towards the top right until encountering a boundary or a non-zero cell. The evaluated rule specifies the process of stepping one cell at a time and changing zeros to ones, which aligns with the intent of extending the blue pixels while respecting the presence of red shapes (2s) and boundaries.","From every existing 1 keep stepping one cell up and right, changing zeros to 1s, stopping before a non-zero cell or the edge so 2s remain untouched.",1,Correct - Intended,2,0,
2025-07-15T16:18:47,ExtendToBoundary,ExtendToBoundary6,2,low,1,,0,"0 0 0 0 0 0 0 0 0
0 0 0 0 0 0 0 0 0
2 2 2 2 2 2 2 0 1
2 2 2 2 2 2 2 1 0
0 0 0 0 0 0 1 0 0
0 0 0 0 0 1 0 0 0
0 0 0 0 1 0 0 0 0
0 0 0 1 0 0 0 0 0
0 0 1 0 0 0 0 0 0","**Clarifying diagonal path rules**

I’m working on understanding the grid with the numbers. There’s a background of 0s, a single starting 1, and blocks of 2s. The task seems to involve making a diagonal path of 1s going from the starting position up to some boundary. 

In Example 1, there’s a 6x6 grid filled with 2s and one single 1. The diagonal moves up-right from the starting 1, adjusting the columns correctly as I go. The process stops when I hit a non-zero or a boundary.
**Defining diagonal path rules**

In Example 1, I see that the path from the starting 1 moves diagonally up-right until it hits a non-zero cell. It stops before encountering a 2. So, the rule is to start at the original 1 and draw consecutive 1s diagonally, placing them along zeros. 

In Example 2, the starting point is at row 9, column 1. As I create the path, I hit zeros until I reach a row filled with 2s, confirming the stopping condition. Example 3 presents a similar updating path, also considering gaps.
**Examining diagonal path behavior**

In Example 3, I see that 1s are placed in rows 2 and 3, even though those rows have 2s in the first six columns. The diagonal path can continue because columns 7 and 8 in those rows are zeros. I realize that the rule allows this as long as I don’t cross into out-of-bounds areas or hit non-zero cells. In Example 4, the grid shows two starting 1s, resulting in separate diagonal paths for each. The output keeps the starting positions and extends the paths properly, so it’s consistent with the previous rules.

Rule: For every existing 1, paint additional 1s diagonally up-right (north-east) one step per row until the next cell would be outside the grid or non-zero.",1,"The Evaluated Rule captures the essence of extending the blue pixels diagonally up-right until a boundary or non-zero cell is encountered, which aligns with the Ground Truth Rule's intent.","For every existing 1, paint additional 1s diagonally up-right (north-east) one step per row until the next cell would be outside the grid or non-zero.",1,Correct - Intended,2,0,
2025-07-15T16:12:38,ExtendToBoundary,ExtendToBoundary6,3,low,1,,0,"0 0 0 0 0 0 0 0 0
0 0 0 0 0 0 0 0 0
0 0 0 2 2 2 2 2 0
0 0 0 2 2 2 2 2 0
0 0 0 0 0 1 2 2 0
0 0 0 0 1 0 2 2 0
0 0 0 1 0 1 2 2 0
0 0 1 0 1 0 0 0 1
0 1 0 1 0 0 0 1 0","**Evaluating transformation rules**

I need to figure out the transformation rule for a grid. I notice that certain 2's form a rectangle, while a 1 appears in the last row. The output seems to display an anti-diagonal line of 1's, moving from a specific 1 in the bottom-left to the top-right. 

For example, in a 6x6 grid, with 2's in the top two rows and a 1 at (5,1), the output shows this line starting from (5,1) and moving up diagonally. I want to ensure the coordinate considerations are correct.
**Analyzing output grid patterns**

Let's look at the output grid in example 1. The first two rows remain unchanged with all 2's. From row 2 onward, I see the 1's starting to appear; they move diagonally up-right while skipping over any non-zero cells. This pattern continues until it hits a border or non-zero cell, like the 2's in the top rows.

For example 2, with a 10x9 grid, I identify a rectangle of 2's in rows 2 and 3. Starting from (9,1), I see the 1's placed diagonally in empty spaces up to row 4, where I need to stop due to the non-zero cell encountered.

Rule: For each 1 in the input grid, move repeatedly one step up and one step right, writing 1s on previously empty (0) cells. Stop the propagation for that starting 1 when the next step would leave the grid or land on a non-zero cell. Leave all original non-zero cells unchanged.",1,"The Evaluated Rule captures the essence of the Ground Truth Rule by extending the blue pixels (1s) diagonally to the top right until a boundary or non-zero cell is encountered. Although the phrasing and specifics differ, the underlying transformation functionality remains aligned.","For each 1 in the input grid, move repeatedly one step up and one step right, writing 1s on previously empty (0) cells. Stop the propagation for that starting 1 when the next step would leave the grid or land on a non-zero cell. Leave all original non-zero cells unchanged.",1,Correct - Intended,2,0,
2025-07-15T16:12:12,ExtendToBoundary,ExtendToBoundary7,1,low,1,,0,"5 6 6 6 6 6 6 6 6 6 0 0 0 0
5 0 0 0 0 0 0 0 0 0 0 0 0 0
5 0 0 0 0 0 0 0 0 0 0 0 0 0
5 6 6 6 6 6 6 6 6 6 6 6 6 6
5 0 0 0 0 0 0 0 0 0 0 0 0 0
5 0 0 0 0 0 0 0 0 0 0 0 0 0","**Clarifying segment extensions**

Okay, I'm analyzing the direction and extension of segments. So, the original 4 at column 19 starts rightward, extending towards column 5, but there’s a boundary. It seems the segment extends both left and right, starting from that 4 at column 19 and going to column 12, while the original 4 remains. Similarly, the 4 at row 1, column 2 extends to column 10. About the 3 at row 2, it extends downward but not upward—I'm wondering why that is.
**Establishing extension rules**

I’m analyzing how colored cells interact with surrounding cells, especially focusing on barriers formed by 5s. There are empty rows above each colored cell and they do not extend upward. It looks like the rule is to extend lines from colored cells toward the nearest 5 barrier, whether in rows or columns. For example, the 3s either go downward or upward, depending on the position. The full lines of 5s act as barriers, guiding how other colored cells align and fill the spaces.
**Filling the grid**

I’m addressing the filling of colored cells based on their orientation relative to the barrier formed by 5s. For instance, in row 0, I’ll extend the 6 from column 9 to columns 1 through 8, ensuring not to overwrite the 5 in column 0. The same rule applies for row 3, where I fill leftward from column 13 to column 1, keeping the original structure intact for rows with no other colors. Finally, I'll format and display the updated grid lines accordingly.

Rule: Identify the full line composed of colour 5 (it is either an entire column or an entire row). Treat this 5-line as a barrier. For every other non-zero cell, draw a straight segment of its colour from that cell toward the 5-line, along the row if the 5-line is vertical or along the column if the 5-line is horizontal, filling every empty cell until (but not including) the 5-line.",1,"The Evaluated Rule captures the essence of extending colored pixels towards a barrier (the 5-line) in a similar manner to the Ground Truth Rule. It specifies the direction of extension based on the orientation of the 5-line, which aligns with the requirement to extend towards the grey line. Although it introduces the concept of treating the 5-line as a barrier and specifies the filling of empty cells, these details do not change the fundamental transformation of extending colored pixels towards the grey line.","Identify the full line composed of colour 5 (it is either an entire column or an entire row). Treat this 5-line as a barrier. For every other non-zero cell, draw a straight segment of its colour from that cell toward the 5-line, along the row if the 5-line is vertical or along the column if the 5-line is horizontal, filling every empty cell until (but not including) the 5-line.",1,Correct - Intended,2,0,
2025-07-15T16:13:34,ExtendToBoundary,ExtendToBoundary7,2,low,1,,0,"3 3 3 3 5 0 0 0
0 0 0 0 5 0 0 0
0 0 0 0 5 0 0 0
0 0 0 0 5 0 0 0
0 0 0 0 5 3 3 3
0 0 0 0 5 0 0 0
0 0 0 0 5 0 0 0
0 0 0 0 5 0 0 0
0 0 0 0 5 0 0 0
0 0 0 3 5 0 0 0
0 0 0 0 5 0 0 0
0 0 0 0 5 0 0 0","**Inferring transformation rules**

I’m working on figuring out a pattern based on examples. It seems like grids have a background of 0, with colors like 5 forming vertical columns. When colors 4 or 3 are present, their transformation fills lines along rows or columns until hitting color 5. For instance, in the first example, there’s a column of 5s located in the 11th column with several rows having 5s. I’m noticing there are conditions for how many 4s appear in the output.
**Analyzing grid transformations**

I’m looking at how to fill in the grid based on certain colors. The process involves filling 4s horizontally up to the column just before a 5, which means from the next cell to col10. For instance, in row 4, there’s an existing 4 at col19, and the output shows that 4s fill from col12 through col19. I’m seeing a rule forming: for any row with a special color and the pillar color 5, we fill horizontally between those cells. I need to confirm this across multiple examples.

Rule: Find the single solid line of colour 5 (it is either perfectly vertical or perfectly horizontal). For every other coloured cell (non-zero, not 5) draw a straight line of that colour toward the 5-line along their shared row or column, filling every intermediate cell but not replacing the 5. Thus, when the 5-line is vertical the additions are horizontal; when the 5-line is horizontal the additions are vertical.",1,"The Evaluated Rule describes a process of extending colored pixels towards a specific line of color (5) in a manner that aligns with the Ground Truth Rule's intent of extending colored pixels towards a grey line. While the Evaluated Rule introduces additional specifications regarding the orientation of the line and the handling of intermediate cells, the core transformation of extending colored pixels towards a grey line is preserved.","Find the single solid line of colour 5 (it is either perfectly vertical or perfectly horizontal). For every other coloured cell (non-zero, not 5) draw a straight line of that colour toward the 5-line along their shared row or column, filling every intermediate cell but not replacing the 5. Thus, when the 5-line is vertical the additions are horizontal; when the 5-line is horizontal the additions are vertical.",1,Correct - Intended,2,0,
2025-07-15T16:14:35,ExtendToBoundary,ExtendToBoundary7,3,low,1,,0,"0 0 0 0 5 0 0 0 0 0 0 0 0 0 0 0 0
0 0 0 0 0 5 0 0 0 0 0 0 0 0 0 0 0
0 0 0 0 0 0 5 7 7 7 7 7 7 7 7 7 7
0 0 7 7 7 7 7 5 0 0 0 0 0 0 0 0 0
0 0 0 0 0 0 0 0 5 0 0 0 0 0 0 0 0
0 0 0 0 0 0 0 0 0 5 0 0 0 0 0 0 0","**Crafting the grid output**

I'm working on creating a 6x17 grid. First, I'll set up the coordinates, indexing rows from 0-5 and columns from 0-16, with an initial grid filled with zeros. I’ll mark the unchanged 5s at specific locations in row indices. For row 0, I’ll place a 5 at column 4. As I move through the rows, I see where I need to fill in 7s based on the 5s and other 7s in adjacent columns. I want to ensure that I fill correctly without overwriting the existing 5s.
**Producing the final grid**

Now that I have the grid defined, I’ll keep rows 0 and 1 unchanged. For rows 2 and 3, I’ll fill in the necessary lines to complete the final grid. 

Row 0 has only a 5 at position 4, so it'll look like this: ""0 0 0 0 5 0 0 0 0 0 0 0 0 0 0 0"". 

For Row 1, I'll set the 5 at position 5: ""0 0 0 0 0 5 0 0 0 0 0 0 0 0 0 0"". 

Row 2 gets filled with a mix of 5s and 7s, giving me ""0 0 0 0 0 0 5 7 7 7 7 7 7 7 7 7"". 

Row 3 will be ""0 0 7 7 7 7 7 5 0 0 0 0 0 0 0 0"". 

Row 4 has just the 5 at position 8, resulting in ""0 0 0 0 0 0 0 0 5 0 0 0 0 0 0 0"". 

Lastly, Row 5, with a 5 at position 9, is ""0 0 0 0 0 0 0 0 0 5 0 0 0 0 0 0"". 

I’ll check to ensure everything is aligned correctly!

Rule: Identify the straight line made of the colour 5 (anchor). For every cell that contains a different non-zero colour and is in the same row or column as one of those 5s, draw a straight line of that colour between the cell and the anchor, filling all intermediate cells while leaving the 5s unchanged.",1,"The Evaluated Rule specifies drawing lines to an anchor of color 5, which is not equivalent to extending colored pixels towards a grey line. The Ground Truth Rule focuses on extending colored pixels until they touch a grey line, while the Evaluated Rule introduces an anchor concept and fills intermediate cells, which alters the intended transformation.","Identify the straight line made of the colour 5 (anchor). For every cell that contains a different non-zero colour and is in the same row or column as one of those 5s, draw a straight line of that colour between the cell and the anchor, filling all intermediate cells while leaving the 5s unchanged.",1,Correct - Intended,2,0,
2025-07-15T16:15:30,ExtendToBoundary,ExtendToBoundary8,1,low,1,,0,"0 8 8 8 8 8 8 8 8 8 8 8 0 0 0
0 8 0 2 0 0 0 0 0 0 0 8 0 0 0
0 8 0 2 0 0 0 0 0 0 0 8 0 0 0
0 8 0 2 0 0 0 0 0 0 0 8 0 0 0
0 8 2 2 2 2 2 2 2 2 2 8 0 0 0
0 8 0 2 0 0 0 0 0 0 0 8 0 0 0
0 8 0 2 0 0 0 0 0 0 0 8 0 0 0
0 8 0 2 0 0 0 0 0 0 0 8 0 0 0
0 8 0 2 0 0 0 0 0 0 0 8 0 0 0
0 8 0 2 0 0 0 0 0 0 0 8 0 0 0
0 8 0 2 0 0 0 0 0 0 0 8 0 0 0
0 8 0 2 0 0 0 0 0 0 0 8 0 0 0
0 8 8 8 8 8 8 8 8 8 8 8 0 0 0
0 0 0 0 0 0 0 0 0 0 0 0 0 0 0","**Assessing frame structure**

I need to analyze the examples provided for the rectangular frames. The first example shows a frame of color 3, while the second shows color 1, both within a 14x14 grid filled with zeros. It looks like the frame leaves a one-cell margin, creating an inner rectangle of 12x12. Inside this, there's a singular 4 located near the center, specifically at row 10, column 8. Let’s organize these coordinates to clarify the structure and purpose.
**Analyzing shape formation**

I'm figuring out how the rule transforms here. It looks like we need to draw a vertical line of 4s through column 8, from row 2 to row 11, where there's also a single 4 present. Let's dive into the grid data: row indices start at zero. The relevant row shows that column 7 has a vertical line of 4s, and row 10 features a large horizontal line of 4s across columns 2 to 11. It creates a cross shape at the intersection with row 10! So, it seems the vertical line continues beyond that row, hitting row 11 too. However, row 12 has a border interferes with it.
**Understanding grid transformations**

Let's break down row 12, which has 3s along the border, indicating the vertical line stops at row 11, above the bottom border. This vertical line fills the entire inner area between the top and bottom borders, starting at row 2 and ending at row 11. There is also a horizontal line extending from column 2 to 11. In the next example, we have a 5x20 grid with a border of color 1 and a 6 located at row 3, column 13, creating a vertical line and horizontal line inside the frame. I'm noticing that the unique colored cell's color propagates along its row and column until reaching the border cells, which is key to the transformations here. Now, for another test with color 2, I'm examining the grid structure, noting the zeros surrounding the border and how they change the pattern, especially where the color propagates.
**Transforming the grid**

I'm analyzing example 1, where row 10 shows a horizontal line of 4s from column 2 to 11, stopping before the border at column 12. The vertical line in column 3 extends from rows 2 to 11, not touching the borders. For the test grid, I’ll implement a vertical line in column 3 and a horizontal line across row 4, filling them with 2s. As I compute the final grid, I’ll adjust each row accordingly, ensuring that the borders remain unchanged. Finally, I’ll create a compact JSON rule description that explains the transformation.

Rule: Within the coloured rectangular frame, find the single interior cell whose colour differs from the frame. Extend that colour horizontally across its entire row and vertically across its entire column until just before the frame, creating a full plus sign inside the frame.",1,"The Evaluated Rule specifies extending only the interior cell that differs in color from the frame, creating a plus sign, rather than extending all pixels inside the rectangle shape as described in the Ground Truth Rule. This fundamentally changes the transformation.","Within the coloured rectangular frame, find the single interior cell whose colour differs from the frame. Extend that colour horizontally across its entire row and vertically across its entire column until just before the frame, creating a full plus sign inside the frame.",1,Correct - Intended,2,0,
2025-07-15T16:17:15,ExtendToBoundary,ExtendToBoundary8,2,low,1,,0,"0 0 0 0 0 0 0 0
0 9 9 9 9 9 9 0
0 9 0 0 3 0 9 0
0 9 0 0 3 0 9 0
0 9 0 0 3 0 9 0
0 9 0 0 3 0 9 0
0 9 0 0 3 0 9 0
0 9 3 3 3 3 9 0
0 9 0 0 3 0 9 0
0 9 0 0 3 0 9 0
0 9 0 0 3 0 9 0
0 9 0 0 3 0 9 0
0 9 0 0 3 0 9 0
0 9 0 0 3 0 9 0
0 9 9 9 9 9 9 0
0 0 0 0 0 0 0 0
0 0 0 0 0 0 0 0","**Assembling grid lines**

I'm putting together a grid, where each row represents a different pattern. The first row and last row are filled with zeros. The middle rows have a mix of nines and threes, creating a distinct shape. Rows with nines create a border while the threes form a vertical line in the center of the grid. The entire layout is bounded by zeros, ensuring everything's enclosed. It looks like I'm also combining this all with newline characters for clarity.

Rule: Identify the single cell whose colour differs from the rectangular border. Re-colour every interior cell that shares its row or its column with that cell with the same colour, leaving the border and all other cells unchanged.",1,"The Evaluated Rule focuses on identifying a single cell with a different color and recoloring cells in the same row or column, which does not align with the Ground Truth Rule's requirement to extend the pixel inside the rectangle shape until it touches the surrounding rectangle. The transformation functionalities are fundamentally different.","Identify the single cell whose colour differs from the rectangular border. Re-colour every interior cell that shares its row or its column with that cell with the same colour, leaving the border and all other cells unchanged.",1,Correct - Intended,2,0,
2025-07-15T16:12:33,ExtendToBoundary,ExtendToBoundary8,3,low,1,,0,"0 0 0 0 0 0 0 0 0 0 0 0
0 0 0 0 0 0 0 0 0 0 0 0
0 0 7 0 7 0 7 0 7 0 0 0
0 7 0 7 5 7 0 7 0 7 0 0
7 0 0 0 5 0 0 0 0 0 7 0
0 7 5 5 5 5 5 5 5 7 0 0
7 0 0 0 5 0 0 0 0 0 7 0
0 7 0 0 5 0 0 0 0 7 0 0
7 0 0 0 5 0 0 0 0 0 7 0
0 7 0 7 5 7 0 7 0 7 0 0
0 0 7 0 7 0 7 0 7 0 0 0
0 0 0 0 0 0 0 0 0 0 0 0","**Deducing fill rules**

I'm working on defining a rule based on examples. For instance, with a 14x14 rectangle that has a border of 3 and zeros elsewhere, when there's a single cell with a value inside, I need to fill the entire row and column of that cell with its value to form a cross. Essentially, I’m establishing that if there's an enclosed border and a special colored cell, the output should be a cross of that color extending to the border—minus overwriting the border itself. 

Now, I'll verify this rule with another example...
**Simulating grid filling**

For the test grid, I have a unique color 5 seed at cell (row 5, col 4). I’ll draw horizontal and vertical lines through the grid, filling with 5 until I reach non-zero cells or the edge.

Starting upwards, I find that I can fill from (row 5, col 4) to (row 3, col 4) with 5s. Moving downwards, I can fill (row 6 to row 9, col 4) as well. 

Next, I’ll fill horizontally from the seed position, adjusting to avoid any non-zero cells like 7. I’ll keep track to ensure I never overwrite those values. Now, I just need to confirm everything's set correctly!
**Crafting JSON rule output**

I’m summarizing the rows of a grid. The grid rows indicate the presence of various numbers, including a unique color. Then, I confirm that the cross is symmetrical. The rule is to extend the unique color through both the row and column, filling empty cells until hitting another colored cell or the border. 

Now, I'll put together a concise JSON string with the rule and the grid, ensuring the format is correctly structured and clear! Here’s the minified JSON representation:

{""rule"":""Extend the unique interior coloured cell in both row and column directions, replacing 0s with that colour until a non-zero cell or the grid edge is reached."",""grid"":""0 0 0 0 0 0 0 0 0 0 0 0\n0 0 0 0 0 0 0 0 0 0 0 0\n0 0 7 0 7 0 7 0 7 0 0 0\n0 7 0 7 5 7 0 7 0 7 0 0\n7 0 0 0 5 0 0 0 0 0 7 0\n0 7 5 5 5 5 5 5 5 7 0 0\n7 0 0 0 5 0 0 0 0 0 7 0\n0 7 0 0 5 0 0 0 0 7 0 0\n7 0 0 0 5 0 0 0 0 0 7 0\n0 7 0 7 5 7 0 7 0 7 0 0\n0 0 7 0 7 0 7 0 7 0 0 0\n0 0 0 0 0 0 0 0 0 0 0 0""}

Rule: Extend the unique interior coloured cell in its row and column, colouring 0-cells with that colour until a non-zero cell or the grid edge is met.",1,"The Evaluated Rule describes a similar transformation by extending the unique interior colored cell in its row and column until a non-zero cell or the grid edge is met, which aligns with the Ground Truth Rule's concept of extending the pixel inside the rectangle shape horizontally and vertically until it touches the surrounding rectangle. Both rules focus on extending in the same directions and achieving a similar outcome.","Extend the unique interior coloured cell in its row and column, colouring 0-cells with that colour until a non-zero cell or the grid edge is met.",1,Correct - Intended,2,0,
2025-07-15T16:21:01,ExtendToBoundary,ExtendToBoundary9,1,low,1,,0,"0 0 0 0 0 0 0 0 0 0 0 0 0 0 0 0 0
0 0 0 8 8 8 8 8 8 8 8 8 8 8 8 0 0
0 0 0 8 0 0 4 4 0 0 0 0 0 0 8 0 0
0 0 0 8 0 0 4 4 0 0 0 0 0 0 8 0 0
0 0 0 8 0 0 4 4 0 0 0 0 0 0 8 0 0
0 0 0 8 0 0 4 4 0 0 0 0 0 0 8 0 0
0 0 0 8 4 4 4 4 4 4 4 4 4 4 8 0 0
0 0 0 8 4 4 4 4 4 4 4 4 4 4 8 0 0
0 0 0 8 0 0 4 4 0 0 0 0 0 0 8 0 0
0 0 0 8 0 0 4 4 0 0 0 0 0 0 8 0 0
0 0 0 8 0 0 4 4 0 0 0 0 0 0 8 0 0
0 0 0 8 0 0 4 4 0 0 0 0 0 0 8 0 0
0 0 0 8 8 8 8 8 8 8 8 8 8 8 8 0 0
0 0 0 0 0 0 0 0 0 0 0 0 0 0 0 0 0
0 0 0 0 0 0 0 0 0 0 0 0 0 0 0 0 0","**Visualizing the shape filling**

I’m thinking that the border isn’t rectangular but forms an X shape. The secondary color appears to create a 3x3 block in centered rows and columns. The output has seven diamonds filled within the X. It seems the filling expands horizontally and vertically across the regions defined by those lines, maintaining the diamonds only where there’s at least one “7” aligned with the rows or columns. I wonder if this is a strict rule for filling shapes. In another example, the interior is filled differently, following a plus shape instead.
**Analyzing pattern filling**

Let's analyze, starting with output from row 0, which remains all zeros, and row 1 shows no change from the input. It seems the interior isn’t filled entirely but only in a central cross pattern. The expansion involves row 2 gaining “7s” from columns 6-8 after vertical fill. Row 5 has a full row of ""7s,"" suggesting expansion happens both vertically and horizontally across columns. 

It seems like the rule for filling might be to fill downwards through rows and across columns whenever ""7"" is initially present. I'll need to check Example 1 to confirm how these expansions work with different shapes.
**Exploring filling rules**

Row 5 starts with zeros, but the output shows a diamond pattern filled with ""7s,"" indicating that the region within the X shape isn't rectangular. The rule seems to be to fill the area bounded by a specific color, using existing seed pixels as a starting point to fill the contiguous region. 

In Example 1, it looks like filling didn't reach row 2 because of a zero barrier, while in other examples vertical filling occurred. I realize I previously misjudged the output in row 2, which does contain ""2s,"" indicating vertical extension did happen. But the filling stopped because row 1 is an upper boundary with a different color.

Rule: Locate the unique inner colour (B) that appears in a small block inside a region bounded by another colour (A). For every row that contains B, paint B into all empty cells between the two nearest A-coloured boundary cells in that row. For every column that contains B, paint B into all empty cells between the two nearest A-coloured boundary cells in that column. Leave all other cells unchanged.",0,"The Evaluated Rule describes a process of filling in cells with the unique inner color (B) between boundaries of another color (A), which aligns with the concept of extending a shape until it touches another shape. Both rules focus on filling in gaps in a structured manner, thus they represent a similar underlying transformation.","Locate the unique inner colour (B) that appears in a small block inside a region bounded by another colour (A). For every row that contains B, paint B into all empty cells between the two nearest A-coloured boundary cells in that row. For every column that contains B, paint B into all empty cells between the two nearest A-coloured boundary cells in that column. Leave all other cells unchanged.",1,Incorrect,2,0,
2025-07-15T16:16:16,ExtendToBoundary,ExtendToBoundary9,2,low,0,mismatch,0,"0 0 0 0 0 3 3 0 0 0 0 0
0 0 0 0 0 3 3 0 0 0 0 0
0 0 0 0 0 3 3 0 0 0 0 0
0 0 0 0 0 2 3 0 0 0 0 0
0 0 0 0 2 3 2 0 0 0 0 0
0 0 0 2 0 3 3 2 0 0 0 0
3 3 2 3 3 3 3 3 2 3 3 3
3 3 3 2 3 3 3 3 3 2 3 3
0 0 0 0 2 3 3 0 2 0 0 0
0 0 0 0 0 2 3 2 0 0 0 0
0 0 0 0 0 3 2 0 0 0 0 0
0 0 0 0 0 3 3 0 0 0 0 0
0 0 0 0 0 3 3 0 0 0 0 0
0 0 0 0 0 3 3 0 0 0 0 0
0 0 0 0 0 3 3 0 0 0 0 0","**Compiling grid data**

I'm organizing the grid data to ensure each row has 12 columns. For Rows 10, 11, 12, and 13, I'm setting specific values in columns 5 and 6 while keeping others as zeros. 

I'll lay out the final data for each row as space-separated numbers, maintaining the 15x12 dimension. Rows 0 to 14 will reflect these adjustments. I want to be meticulous in verifying that all rows are correctly formatted and contain the right counts. Let's get this compiled!
**Crafting rule description**

I'm aiming for a clear and concise rule description. The goal is to explain that for any non-background color forming a small block, I should repaint the entire rows and columns over background cells only. Basically, I need to identify the rows and columns with the minority color, then repaint the corresponding background cells while leaving other colors intact.

I'll make sure to format the JSON properly, with keys for ""rule"" and ""grid,"" and create a grid string with the specified rows and spaces. Let's finalize this!
**Explaining coloring rule**

I’m focusing on a rule that states I should color the background cells that share a row or column with the inner color block. The key is to apply this new color without affecting any existing colors in those rows or columns. It’s about identifying where the inner color is situated and ensuring surrounding background cells get the update while keeping everything else intact. Let's put this into a clear description!

Rule: Identify the non-background colour that appears in the smallest block (the ‘marker’). Collect every row and every column that contains at least one cell of this marker. Repaint every background (0) cell located in any of those rows or columns with the marker colour, leaving all other non-zero colours unchanged.",0,"The Evaluated Rule focuses on identifying a specific non-background color and repainting background cells in the rows and columns containing that color, which does not align with the Ground Truth Rule's requirement to extend the shape until it touches the surrounding shape. The transformation functionalities are fundamentally different.","Identify the non-background colour that appears in the smallest block (the ‘marker’). Collect every row and every column that contains at least one cell of this marker. Repaint every background (0) cell located in any of those rows or columns with the marker colour, leaving all other non-zero colours unchanged.",1,Incorrect,2,0,
2025-07-15T16:15:54,ExtendToBoundary,ExtendToBoundary9,3,low,1,,0,"7 7 7 7 7 7
7 0 7 7 0 7
7 0 7 7 0 7
7 0 7 7 0 7
7 0 7 7 0 7
7 7 7 7 7 7
7 7 7 7 7 7
7 0 7 7 0 7
7 0 7 7 0 7
7 0 7 7 0 7
7 0 7 7 0 7
7 7 7 7 7 7","**Analyzing grid structure**

I'm examining a grid with 12 rows and 6 columns, bordered by 7s. There's a smaller rectangle inside that also uses the color 7, which is intriguing since fill color and frame color are usually different. Earlier examples had distinct color values for fill and edges, but here they align. This makes me wonder about the implications. Does this mean there's a different design principle at play, or is it just a variation? Let's keep exploring!
**Defining color regions**

I’m trying to figure out how to handle color regions in the grid. It seems I should treat the inner block's color as equal to the frame color. When performing expansions, many zero cells also turn into 7s, making it hard to distinguish unique sections. To find the object, I’ll look at the 2x2 block isolated by zeros in rows 5-6 and columns 2-3. I think I can identify a region of 7s not connected to the border, ensuring I apply my fill rule correctly.
**Finalizing grid transformation**

I’m in the process of filling the grid with 7s based on the existing values. Rows 5 and 6 are fully transformed to 7s due to the boundaries, and I'm filling columns 2 and 3 vertically from rows 1-10. I’ll then detail each row of the final grid and ensure that the zeros inside between columns haven’t changed unless specified. 

Finally, I'll create a string representation of the grid, formatted with spaces and newlines. Each row will be listed for clarity. Let's get this grid finalized!
**Crafting rule description**

I need to create a succinct description of the rule for filling colors. I think a good phrase could be: ""For the unique color region that isn’t connected to the border, identify its occupied rows and columns. Fill horizontally between the first and last non-zero cells with that color in those rows, and vertically in those columns."" That feels clear and precise, giving a straightforward guideline for applying the rule. Now, let’s put it all together!

Rule: Identify the colour region that is not touching the border. Let R be every row containing that colour and C every column containing that colour. In each row r in R, colour every cell between the first and last non-zero cell of the row with that colour. In each column c in C, colour every cell between the first and last non-zero cell of the column with that colour. Leave all other cells unchanged.",0,"The Evaluated Rule focuses on identifying and coloring regions based on rows and columns of non-zero cells, which does not align with the Ground Truth Rule's requirement to extend a shape until it touches the surrounding shape. The transformation described in the Evaluated Rule is fundamentally different from the extension described in the Ground Truth Rule.","Identify the colour region that is not touching the border. Let R be every row containing that colour and C every column containing that colour. In each row r in R, colour every cell between the first and last non-zero cell of the row with that colour. In each column c in C, colour every cell between the first and last non-zero cell of the column with that colour. Leave all other cells unchanged.",1,Incorrect,2,0,
