timestamp,concept,puzzle,test_idx,effort,is_correct,err,tools_used,answer,summary,programming_calls,Rule,validated,Rule_correct,Rule_correct_label,validation_level,starred,rule_evaluation_reasoning
2025-08-01T21:44:42,AboveBelow,AboveBelow1,1,low,1,,0,"0 6 6 0 0 6 6 6 0 6
0 6 6 0 0 6 6 6 0 6
0 0 0 0 0 6 6 6 0 0
4 4 4 4 4 4 4 4 4 4
0 0 0 0 0 0 0 0 0 0
0 0 0 0 0 0 0 0 0 0
0 0 0 0 0 0 0 0 0 0
0 0 0 0 0 0 0 0 0 0
0 0 0 0 0 0 0 0 0 0
0 0 0 0 0 0 0 0 0 0
0 0 0 0 0 0 0 0 0 0
0 0 0 0 0 0 0 0 0 0
0 0 0 0 0 0 0 0 0 0
0 0 0 0 0 0 0 0 0 0","**Identifying unique rows in grids**

I'm working on a rule to find a row with a special color that only appears there. This color must occur more frequently than any other color. For example, the digit 2 appears only in row 6 in one example. I should keep all rows above and including this unique row while setting rows below it to zero. In another test, if color 4 appears solely in row 3, I’ll preserve rows 0 through 3 and zero out the rest, resulting in the correct output grid.

**Examining input dimensions**

I'm checking the input dimensions, which are 14 rows by 10 columns. Row 0 through 3 contains various values, and I see several rows filled with zeros from rows 4 to 13. I need to ensure that the final output retains these zeros for rows 4 to 13. For the output, it seems like I should present the grid as a string in JSON format. I'll look to include newline characters for proper formatting, keeping it minified as the user requested, though I haven't seen a specific example yet.

**Formatting JSON output**

I'm creating the JSON output for the grid and rule. I notice that we have 14 rows total, including 10 rows of zeros from row 4 to 13. That's right, since the original 4 rows plus these zeros make 14. I need to ensure there are no spaces for minified formatting, but the grid's string must maintain newline characters—usually represented as ""\n"" in JSON. So, I’ll structure it like this: {""rule"":""..."",""grid"":""...""} including the ""\n"" for clarity.

Rule: Find the row containing the only occurrence of a particular nonzero color and keep all rows above and including it; set every cell in all rows below to 0.",,Find the row containing the only occurrence of a particular nonzero color and keep all rows above and including it; set every cell in all rows below to 0.,1,,Correct - Unintended,2,0,
2025-08-01T21:44:51,AboveBelow,AboveBelow1,2,low,1,,0,"0 0 3 3 3 3 3 0 0 0 0 0 0
0 0 3 3 3 3 3 0 0 0 0 0 0
0 0 0 0 0 0 0 0 0 0 0 0 0
0 0 0 0 0 0 0 0 0 0 0 0 0
9 0 9 0 9 0 9 0 9 0 9 0 9
0 0 0 0 0 0 0 0 0 0 0 0 0","**Analyzing transformation of blocks**

I need to understand how the transformation of these colored blocks works. In the examples, the input consists of colored blocks arranged in rows. The output keeps the top shape and full rows of unique stripes, zeroing out everything below. 

For instance, in the first example, the output retains the first rows and zeroes out the others below the stripes. It's interesting to note that it's based on zero-indexing, so rows maintained are 1-7, while others are zeroed. Each example follows this pattern of preserving stripes and zeroing below them.

**Defining horizontal stripe rules**

I need to establish the rule for identifying horizontal stripes: we're looking for a full row of a non-zero constant. This row must be entirely the same value, and we keep all rows above it while zeroing out those below.  

In the test input with six rows, I'm noticing that row 5 isn't a full stripe since it alternates. Row 1 also doesn't meet the criteria due to zero entries at the edges. Examples show that row 7 in the first example is all 2s, and row 3 in the second example is all 3s. Row 4 in the third example has an alternating pattern, which complicates things a bit, as it's not uniform.

**Establishing rules for colors**

I need to clarify the rules for identifying colors in the grid. The goal is to find a color that only appears in a single row. If I find it, I keep that row and all above it, zeroing out everything below. 

In the examples, color 2 appears only in row 7, color 3 in row 3, and color 8 in row 4. For the test input, color 9 appears only in row 5, meaning I keep rows 1-5 and zero out row 6. Since row 6 is already zeros, the output grid remains identical to the input. I’ll prepare the final JSON format accordingly.

Rule: Find the color that appears on exactly one row; preserve all rows up to and including that row, and set all rows below to zero.",,"Find the color that appears on exactly one row; preserve all rows up to and including that row, and set all rows below to zero.",0,,Correct - Unintended,0,0,
2025-08-01T21:44:56,AboveBelow,AboveBelow1,3,low,1,,0,"0 0 0 0 0 0 0 0 0 0 0 0
0 0 0 0 0 0 0 0 0 0 0 0
0 0 0 0 0 0 0 0 0 0 0 0
0 0 0 0 0 0 0 0 0 0 0 0
0 0 0 0 0 0 0 0 0 0 0 0
0 0 0 0 0 0 0 0 0 0 0 0
5 0 5 0 5 0 5 0 5 0 5 0
0 0 0 0 0 0 0 0 0 0 0 0
0 0 0 0 0 0 0 0 0 0 0 0
0 0 0 0 0 0 0 0 0 0 0 0",Rule: Find the first row whose cells form a full-width repeating pattern and leave all rows up to and including it intact while setting every row below it to zeros.,,Find the first row whose cells form a full-width repeating pattern and leave all rows up to and including it intact while setting every row below it to zeros.,0,,Correct - Unintended,0,0,
2025-08-01T21:44:28,AboveBelow,AboveBelow10,1,low,1,,0,"0 0 2 2 2 2 2 2 2 2 2 2 2
0 2 2 2 2 2 2 2 2 2 2 2 2
2 2 2 2 2 2 2 2 2 2 2 2 2","**Clarifying diagonal filling rules**

I'm realizing it’s about understanding how to fill triangular areas based on a diagonal line within a grid. The diagonal can either descend or ascend, and I need to determine that first. If the diagonal slopes down from left to right, like my example, the filling will occur in the cells above it. In the case where the diagonal runs from lower left to upper right, the filling would be against the diagonal towards the top left.

**Updating grid fill rules**

I’m realizing I need to fill areas to the left or right of a diagonal line based on its slope. In my example, the diagonal slopes down-left, which means I’ll fill the region to the right. I’ll check the input grid, which has 3 rows and 13 columns, with specific coordinates indicating the diagonal. For each row, I’ll fill from the diagonal position to the end. The final grid should be formatted as a string with spaces, likely needing newlines for JSON output.

**Defining grid and filling rules**

The grid consists of filled rows displayed as strings. For the rule, I need to succinctly specify how to fill cells based on the diagonal's direction. If the diagonal slopes down-right, I fill the triangle to its left; if it slopes down-left, I fill to the right. So, the clear rule will be: ""Detect the diagonal; if it slopes down-right, fill all cells to its left for each row; if down-left, fill all cells to its right."" Sounds good!

Rule: Find the diagonal of nonzero cells; if it slopes down-right, then for each row fill from column 0 up to the diagonal cell with that color; if it slopes down-left, then for each row fill from the diagonal cell to the last column with that color.",,"Find the diagonal of nonzero cells; if it slopes down-right, then for each row fill from column 0 up to the diagonal cell with that color; if it slopes down-left, then for each row fill from the diagonal cell to the last column with that color.",0,,Correct - Unintended,0,0,
2025-08-01T21:44:31,AboveBelow,AboveBelow10,2,low,1,,0,"0 0 0 0 0 0 0 0 0 0 0 0
0 0 0 0 0 0 0 0 0 0 0 0
0 0 0 0 0 0 0 0 0 0 0 0
0 0 0 0 0 0 0 0 0 0 0 0
0 0 0 0 0 0 0 0 0 0 0 0
0 0 0 0 0 0 0 0 0 0 0 0
0 0 0 0 0 0 0 0 0 0 0 0
6 0 0 0 0 0 0 0 0 0 0 0
6 6 0 0 0 0 0 0 0 0 0 0
6 6 6 0 0 0 0 0 0 0 0 0","**Understanding grid filling rules**

I’m thinking about how to fill regions in a grid based on a diagonal's slope. For rows 9 and 10, when the column index is greater than or equal to the diagonal, they treat the absent diagonal column as zero and fill accordingly. The color filled on one side of the diagonal depends on its slope: a downward right diagonal fills to the left, while a downward left diagonal fills to the right. I've got a grid with 10 rows and 12 columns, with coordinates indicating colored cells. So I need to fill all cells to the left of the diagonal in the specified rows, while keeping rows above the diagonal as zeros.

**Finalizing grid output**

I’m observing that there are no rows beyond the diagonal because it reaches the bottom. The output grid will have the same shape as the example, but with three additional rows at the bottom. For rows 0-6, they stay unchanged with zeros. In row 7, with the diagonal in column 0, I fill that as 6. In row 8, I fill columns 0-1 as 6, and in row 9, I fill columns 0-2 as 6. The result will form a lower-left triangle of sixes. I’ll return a JSON object with the rule and the grid as a minified string.

Rule: Identify the single colored diagonal line. If it slopes down-right, fill all cells on and left of that diagonal in each row; if it slopes down-left, fill all cells on and right of it. Leave other cells unchanged.",,"Identify the single colored diagonal line. If it slopes down-right, fill all cells on and left of that diagonal in each row; if it slopes down-left, fill all cells on and right of it. Leave other cells unchanged.",0,,Correct - Unintended,0,0,
2025-08-01T21:44:55,AboveBelow,AboveBelow10,3,low,0,mismatch,0,"8 8 8 8
8 8 8 8
8 8 8 8
0 0 0 0
0 0 0 0
0 0 0 0
0 0 0 0
0 0 0 0
0 0 0 0
0 0 0 0","**Evaluating grid filling rules**

I think the filling process in the grid should consider the shape's diagonal and the surrounding zeroes. In both cases, there's a right triangle formed, but they touch different corners: bottom-left in one and bottom-right in the other. For instance, if I have a grid with 10 rows and fill an entire row with 8s, that's a horizontal line, not diagonal. So, the rule seems to be finding that shape line and filling towards the nearest border, covering the area below the line.

**Clarifying filling regions**

I'm considering how to fill the region between the lines and the grid borders. It seems that the filling goes leftwards from the diagonal to the border, rather than just touching the left border. In example two, the line touches both the top and left borders, affecting the filled region below and to the right of the diagonal line. 

It's perplexing, though, because in example one, endpoints reach distinct borders, yet the region filled is not towards the untouched corner, but rather towards the upper left. It appears I need to refine how I understand the boundaries here!

**Examining filling rules for triangles**

I’m trying to clarify how to fill triangular regions relative to the diagonal in the grid. The filling should happen left of the diagonal, closer to the left border. It seems like the aim is to fill the region that forms the largest rectangular corner of zeroes. 

For the examples, understanding the endpoints and their relation to slopes is crucial. If the diagonal has a positive slope, I should fill left, and if negative, fill right. Yet, for horizontal lines, I need to figure out whether I fill upward or downward, which is still uncertain. It’s a bit complex, but I need to stick to the rule of filling opposite the touched borders!

**Establishing filling rules**

I’m refining how to fill the grid: interpret the diagonal as a boundary and fill the larger triangular region created. I'll compute both areas for clarity. In example one, the left side has 54 cells, and the right has 66. It seems we should actually fill the smaller region. 

For horizontal lines, the area above the line is smaller, so I’ll include it along with the line itself. Thus, my grid will be filled with 8’s in the top three rows and zeros below. I’ll format the output as a JSON with the rule defined as succinctly as possible!

Rule: Find the straight line of nonzero cells and fill all cells on the side of that line that has fewer cells (including the line itself) with that same value.",,Find the straight line of nonzero cells and fill all cells on the side of that line that has fewer cells (including the line itself) with that same value.,0,,Incorrect,0,0,
2025-08-01T21:44:57,AboveBelow,AboveBelow2,1,low,0,mismatch,0,"0 0 0 0 0 0 0 0 0 0
0 0 0 0 0 0 0 0 0 0
0 0 0 0 0 0 0 0 0 0
0 0 0 0 0 0 0 0 0 0
0 0 0 3 3 3 0 0 0 0
0 0 0 3 3 3 0 0 0 0
0 0 0 3 3 3 0 0 0 0
0 0 0 0 0 0 0 0 0 0
0 0 0 0 0 0 0 0 0 0
0 0 0 0 0 0 0 0 0 0","**Analyzing color blocks**

I'm figuring out a rule regarding colored blocks, where only the most frequently appearing color should be retained. For example, if color 4 appears in four blocks, I need to count those clusters carefully. 

So, in Example 1, I see color 4 in multiple configurations, including a 2x3 size at specific coordinates. But wait, there are also color 1 and color 2 blocks present. Ultimately, I have to ensure I'm counting all of these correctly.

**Clarifying block retention rules**

I’m analyzing the blocks in row 6, which indeed has some 2s present. It looks like I found two triples at columns 1-3 and 12-14. I see there’s an L-shaped pattern, but it seems I shouldn't include those. Color 3 has the largest area with a 5x5 block, and the output keeps this while discarding smaller blocks of colors 1 and 2. It seems like I'm considering retaining blocks that appear more frequently. However, I have to double-check why some are kept over others.

**Finalizing the output grid**

I’m noticing that, in Example 1, the output retains color 4 at the bottom, which has two 3x3 blocks. However, color 6 is full of 2x2 squares, yet it's removed despite having three occurrences. This is similar to color 2, which was also removed. Ultimately, I’ll keep only color 3, resulting in a grid filled with zeros except for the lines with color 3. 

The grid will be returned as a JSON format representing the dimensions correctly, and I’ll ensure the grid is in the right string format with line breaks.

Rule: Keep only the 3x3 block of 3 and remove all other colored shapes.",,Keep only the 3x3 block of 3 and remove all other colored shapes.,0,,Incorrect,0,0,
2025-08-01T21:45:09,AboveBelow,AboveBelow2,2,low,0,parse:non-integer token in row 1,0,"[[0,0,0,0,0,0,0,2,2,2,2],[0,2,2,2,0,0,0,2,2,2,2],[0,2,2,2,0,0,0,2,2,2,2],[0,2,2,2,0,0,0,2,2,2,2],[0,2,2,2,0,0,0,0,0,0,0],[0,0,0,0,0,0,0,0,0,0,0],[0,0,0,0,0,0,0,0,0,0,0],[0,0,0,0,0,0,0,0,0,0,0],[3,3,0,0,0,0,0,0,0,0,0],[3,3,0,0,0,0,0,0,0,0,0]]","**Identifying Color Frequencies**

I'm figuring out how to identify clusters filled with rectangles that have no holes. It seems like keeping clusters with maximum color frequency might be a good approach. For example, in one case, the most frequent color is 3, followed by 4, leading me to believe we should keep the top two colors. In another case, 2 has a high count as well. Ultimately, it looks like we should be focusing on retaining the clusters with the two most frequently occurring colors.

**Evaluating Cluster Frequencies**

I'm analyzing a cluster of 2 that spans rows 0-1 and columns 11-13, alongside another at row 0, column 15. The largest overall cluster is 2, followed by 3. In another example, I'm counting frequencies and finding clusters like 7 with two 3x3 spaces and others. It seems that only clusters appearing more than once or with the greatest area should be kept. However, I notice some inconsistencies, like the removal of clusters that ideally should stay based on my criteria. Is it about keeping unique shapes or sizes?

**Reviewing Cluster Selection Rules**

I'm considering how to select clusters based on their counts and sizes. It seems keeping those with fewer clusters, specifically those that appear once, might lead to inconsistencies. For example, in one example, only the low-frequency cluster was kept. I'm thinking about the rule of keeping the two largest clusters by area or focusing on contiguous regions. It feels like the simpler approach to keep the two most frequent colors could work best, even if it leads to some contradictory outcomes. Ultimately, choosing clusters with specific characteristics might clarify my selections.

**Applying Color Frequency Rules**

In this test, I'm looking to apply the rule of keeping the two most frequent colors, which are 2 and 3 in my input. I've counted the occurrences of color 2, finding a total of 24, while color 3 has a count of 4. Since these are the most frequent, I'll keep both. However, I'm considering whether to remove the smallest clusters, but it seems they should be retained. It looks like my output will remain unchanged—both the colors and the grid stay the same. I'll finalize that.

Rule: Keep only the two colors with the highest total pixel counts, setting all other cells to 0.",,"Keep only the two colors with the highest total pixel counts, setting all other cells to 0.",0,,Incorrect,0,0,
2025-08-01T21:45:17,AboveBelow,AboveBelow2,3,low,0,mismatch,0,"0 0 0 0 0 0 0 0 0 0 0 0 0 0
0 0 0 0 0 0 0 0 0 0 0 0 0 0
0 0 0 0 0 0 0 0 0 0 0 0 0 0
0 0 0 0 0 0 0 0 0 0 0 0 0 0
0 0 0 0 0 0 0 0 0 0 0 0 0 0
0 0 0 0 0 0 0 0 0 0 0 3 3 0
0 0 0 0 0 0 0 0 0 0 0 3 3 0
0 0 0 0 0 0 0 0 0 0 0 0 0 0
0 0 0 0 0 0 0 0 0 0 0 0 0 0
0 0 0 0 0 0 0 0 0 0 0 0 0 0
0 0 0 0 0 0 0 0 0 0 0 0 0 0
0 0 0 0 0 0 0 0 0 0 0 0 0 0
0 0 0 0 0 0 0 0 0 0 0 0 0 0","**Identifying patterns in rectangles**

I'm looking for patterns with multiple colored rectangles. I need to filter to keep only certain colors and find the largest counts. For instance, with Example 1, I saw colors 4, 1, 2, 3, and 4 again. It seems they kept the 3-block and the bottom 4-block but removed the top ones. Notably, there were clusters of 4-blocks at the top and bottom. So, why were the top ones discarded while keeping the bottom? It's curious!

**Understanding color instance counts**

It seems the method retains shapes based on the count of their instances. In Example 2, colors 2, 3, and 4 are involved. They kept shapes of color 3 and 2 but removed color 4, which appeared three times. I'm wondering if they favor colors that show up more often. For Example 1, colors 3 and 4 had higher counts than 1 and 2. It's interesting how they prioritize shapes based on area and adjacency. The largest should hold significance, but there's more to unravel here!

**Analyzing shape retention rules**

It looks like the rules for retaining shapes hinge on their instance counts. In Example 2, they removed color 4, which had the smallest count. This makes me wonder about the consistency in deciding which colors to keep. For Example 3, color 3 was retained despite being among the smallest. It's puzzling! They might be prioritizing shapes that have multiple regions or those closest to specific areas like the bottom border. Maybe they look for distinct patterns that repeat? There’s a lot to consider!

**Exploring shape retention rules**

It seems the rule for retaining shapes revolves around their regional occurrence. For instance, in Example 1, they might drop the first encountered color and keep subsequent regions. But there are inconsistencies, like how they handled color 2, which had multiple regions but wasn’t dropped. I’m considering whether they favor odd or even regional counts, too. Perhaps they keep the smallest single shape or focus on specific configurations? It seems they ultimately prefer retaining unique shapes and colors that stand out. Clarifying these patterns will help!

Rule: Retain only the uniquely occurring 2×2 block and zero out all other colors.",,Retain only the uniquely occurring 2×2 block and zero out all other colors.,0,,Incorrect,0,0,
2025-08-01T21:43:53,AboveBelow,AboveBelow3,1,low,0,parse:non-integer token in row 1,0,"[[0,0,0,0,0,0,0,0,0],[0,0,0,0,0,0,0,0,0],[0,0,0,0,0,0,0,0,0],[0,0,1,1,1,1,1,0,0],[0,0,5,5,5,5,5,0,0],[0,0,5,5,5,5,5,0,0],[0,0,5,5,5,5,5,0,0],[0,0,5,5,5,5,5,0,0],[0,0,5,5,5,5,5,0,0],[0,0,0,0,0,0,0,0,0],[0,0,0,0,0,0,0,0,0],[0,0,1,1,1,1,1,0,0]]","Rule: Slide the topmost non‐zero cluster down until it directly touches the next non‐zero region below, leaving all other clusters fixed.",,"Slide the topmost non‐zero cluster down until it directly touches the next non‐zero region below, leaving all other clusters fixed.",0,,Incorrect,0,0,
2025-08-01T21:44:34,AboveBelow,AboveBelow3,2,low,1,,0,"0 0 0 0 0 0 0 0 0
0 0 0 0 1 1 1 0 0
0 0 4 4 4 4 4 0 0
0 0 4 0 0 0 4 0 0
0 0 4 0 0 0 4 0 0
0 0 4 0 0 0 4 0 0
0 0 4 4 4 4 4 0 0
0 0 0 0 0 0 0 0 0
0 0 0 1 1 1 1 0 0","**Understanding block movement**

I’m exploring the rule about shifting the topmost non-zero shape down by one row. Let’s consider my examples: for Input1, if I have blocks of 3s at row1, 4s at row3, and 3s at row6, the top 3s would move down to row2, right? 

As I index my example, row1 starts with 3s in columns 1-3, while row2 initially has zeros. When I output, row2 has those 3s moved from row1. The rest of the blocks stay in their rows. Only the top shape shifts down until it’s next to another.

**Clarifying block movement rules**

Alright, I’m delving into how blocks shift. The 3-block that’s at row1 moves down to row2, which is directly above the 4-block at row3. 

In my second example, I have shape 2 at rows 0, 7, and 9, plus a large 6-block at rows 3-6. In the output, the top shape moves down just above the 6-block. 

So the rule is to find the topmost non-zero block and move it down until it sits right above the next shape below it, ensuring it touches. Each other shape remains in place.

**Clarifying grid transformation**

I’m checking how to shift shapes on my grid. First, I’ll remove the shape originally from row0 and place it at row1. I’ve tested for any horizontal shifts, and there aren't any. 

As I build the 9x9 output grid, row0 will be all zeros, row1 will have ones in columns 4-6, leaving the middle and bottom sections unchanged. Then, I’ll create the final JSON representation, ensuring it follows the required format with newline-separated rows, all minified for efficiency.

Rule: Identify the topmost non-zero shape and move it straight down until it sits immediately above the next shape below, leaving all other shapes in place.",,"Identify the topmost non-zero shape and move it straight down until it sits immediately above the next shape below, leaving all other shapes in place.",0,,Correct - Unintended,0,0,
2025-08-01T21:44:20,AboveBelow,AboveBelow3,3,low,1,,0,"0 0 0 0 0 0 0 0 0 0
0 0 0 0 0 0 0 0 0 0
0 0 0 5 5 5 5 0 0 0
0 0 0 5 5 5 5 0 0 0
0 0 0 5 5 5 5 0 0 0
0 0 0 5 5 5 5 0 0 0
0 0 0 5 5 5 5 0 0 0
0 0 0 0 0 0 0 0 0 0
0 0 0 0 0 0 0 0 0 0
0 0 0 0 0 0 0 0 0 0","**Analyzing row shifting**

I’m looking at how rows shift downward. In example 1, the top row of colored blocks actually moves to the second row, right? The input has 3s in row 1, and the output shows that row 1 becomes empty, while those 3s go to row 2. 

So, in essence, it seems like only the top block of 3 moved down. I'm curious if shapes that aren’t rectangular shift differently, since that seems to be the case here!

**Evaluating shape movement**

I'm exploring the movement of shapes based on their rows and heights. In example 1, I see the 3-block at row 1 is one row tall, while the 4-block is three rows tall. The idea seems to be that the smaller block moves to fill empty spaces. So, the top 3-block shifted down to fill the gap between it and the 4-block. 

In example 2, I notice the top 2s moved down to row 2, aligning directly above the 6-block. However, the block at row 9 didn’t move, keeping its position consistent with the input. It’s intriguing how they maintain adjacency while filling gaps!

**Defining movement rules**

I'm examining how shapes move, particularly focusing on the topmost colored block and its relationship with the blocks below it. In example 1, I see the 4-block from row 0 moves down to fill the gap above the 1-block in row 2. The rule seems to be that the upper shape moves down until it touches the next shape, eliminating any empty rows in between while leaving other shapes unchanged.

For a grid example, there’s a 5-block in row 1 that shifts down, resulting in the output where row 1 is zeros and row 2 contains the 5-block. I’m also keeping track of the proper format for the final output in JSON.

Rule: Move the topmost block down until it directly touches the next block below, closing the gap and leaving all other shapes unchanged.",,"Move the topmost block down until it directly touches the next block below, closing the gap and leaving all other shapes unchanged.",0,,Correct - Unintended,0,0,
2025-08-01T21:44:24,AboveBelow,AboveBelow4,1,low,0,mismatch,0,"0 0 0 0 0 0 0 0 0 0 0 0
0 0 0 1 3 3 3 3 0 0 0 0
0 0 0 0 0 0 0 0 0 0 0 0
0 0 0 0 0 0 0 0 0 0 0 0
0 0 0 0 0 0 0 0 0 1 3 3
1 1 1 1 1 1 1 1 1 1 1 1
0 0 0 0 0 0 0 0 0 0 0 0
0 3 3 3 3 3 3 1 0 0 0 0
0 0 0 0 0 0 0 0 0 3 3 1","Rule: Identify the full row of one color C; find each contiguous horizontal block of the other color B; for blocks above the C row replace their leftmost B with C, for blocks below replace their rightmost B with C.",,"Identify the full row of one color C; find each contiguous horizontal block of the other color B; for blocks above the C row replace their leftmost B with C, for blocks below replace their rightmost B with C.",0,,Incorrect,0,0,
2025-08-01T21:44:47,AboveBelow,AboveBelow4,2,low,1,,0,"0 0 0 0 3 4 0 0 0 0
0 0 0 0 0 0 0 0 0 0
3 3 3 3 3 3 3 3 3 3
0 0 0 0 0 0 0 0 0 0
0 0 0 0 4 4 4 4 4 3
0 0 0 0 0 0 0 0 0 0","Rule: Identify the full‐length row of one color (X). For each contiguous run of the other color (Y): if the run is above the X‐row, repaint its leftmost cell to X; if below, repaint its rightmost cell to X.",,"Identify the full‐length row of one color (X). For each contiguous run of the other color (Y): if the run is above the X‐row, repaint its leftmost cell to X; if below, repaint its rightmost cell to X.",0,,Correct - Unintended,0,0,
2025-08-01T21:43:50,AboveBelow,AboveBelow4,3,low,1,,0,"0 0 0 0 0 0 0 0 0 0 0
0 5 6 6 6 6 6 6 6 6 6
5 5 5 5 5 5 5 5 5 5 5
0 6 6 6 6 6 6 6 6 6 5
0 0 0 0 0 0 0 0 0 0 0","Rule: For each horizontal run of color Y adjacent to the full-length horizontal stripe of color X, if the run is above the stripe replace its first cell with X, if below replace its last cell with X.",,"For each horizontal run of color Y adjacent to the full-length horizontal stripe of color X, if the run is above the stripe replace its first cell with X, if below replace its last cell with X.",0,,Correct - Unintended,0,0,
2025-08-01T21:44:03,AboveBelow,AboveBelow5,1,low,1,,0,"0 0 0 6 0 0 0 0
0 0 0 6 0 0 0 0
0 0 0 6 0 0 0 0
0 0 0 5 0 0 0 6
6 0 0 5 0 0 0 6
6 0 0 5 0 0 0 6
5 0 0 5 0 0 0 5
5 0 0 5 0 0 0 5","Rule: For each vertical stripe of a base color containing exactly one special cell of a different color, propagate that special color upward along the stripe, converting base-color cells to the special color until you hit a zero or the top of the grid.",,"For each vertical stripe of a base color containing exactly one special cell of a different color, propagate that special color upward along the stripe, converting base-color cells to the special color until you hit a zero or the top of the grid.",0,,Correct - Unintended,0,0,
2025-08-01T21:43:58,AboveBelow,AboveBelow5,2,low,0,parse:non-integer token in row 1,0,"[[0,0,0,0,0,0],[2,8,2,2,0,0],[2,8,2,2,0,0],[2,8,2,2,0,0],[2,8,8,2,0,0],[2,8,8,2,0,0],[2,8,8,2,0,0],[2,8,8,2,0,0],[8,8,8,2,0,0],[8,8,8,2,0,0]]","Rule: For each column containing exactly two non-zero values, find the value that occurs only once (the minority) and replace all instances of the other value above that minority’s row with the minority, leaving all other cells unchanged.",,"For each column containing exactly two non-zero values, find the value that occurs only once (the minority) and replace all instances of the other value above that minority’s row with the minority, leaving all other cells unchanged.",0,,Incorrect,0,0,
2025-08-01T21:44:16,AboveBelow,AboveBelow5,3,low,0,mismatch,0,"9 9 9 9 9 9 9 9 9 9 9 9
9 9 9 9 9 9 9 9 9 9 9 9
9 9 9 9 9 9 9 9 9 9 9 9
1 1 1 1 1 1 1 1 1 1 1 1","**Clarifying vertical patterns**

I'm looking at two examples that have vertical patterns. In the first example, column 5 mostly has 1s, and column 1 also has some 1s with occasional 3s. I realize column 5 actually has a 3 at (3,5). When I check the rows, I confirm that row 0 has a 1 in column 5. It seems both columns exhibit mostly 1s but include those occasional instances of 3s. Column 8 also contributes to the mix with 1s and a 3 at (3,8).

**Analyzing vertical line patterns**

I’m observing three vertical lines with colors mostly as 1s and occasional 3s. The rule seems to involve swapping or transposing colors along each column, which means moving any 3s to the top of their sections. For example, in column 5, the 3 at row 3 gets moved to rows 0 to 3 in the output. It looks like the 3 is filling upward until it reaches the top of the column. Also, for column 1, the same process happens, and I verify the positions of 3s affecting the rows. Each segment with 1s is filled from the position of the 3s upward.

**Formatting JSON grid**

I’m looking at an earlier JSON structure that uses a grid represented as a multi-line string with spaces and newlines. The specification requests the grid to be formatted as a string where lines are separated by ""\n"" and numbers by spaces. They want it minified, meaning no extra spaces. I’ll make sure the grid value is a flat string with the correct line breaks included. For example, it could look like: ""grid"":""9 9 9 9...\n1 1 1 1..."". This rule seems acceptable.

Rule: For each column, find each contiguous nonzero segment. If exactly one cell in the segment has a different color, change all cells from the top of that segment down to that cell to the cell’s color, leaving cells below unchanged.",,"For each column, find each contiguous nonzero segment. If exactly one cell in the segment has a different color, change all cells from the top of that segment down to that cell to the cell’s color, leaving cells below unchanged.",0,,Incorrect,0,0,
2025-08-01T21:44:07,AboveBelow,AboveBelow6,1,low,0,mismatch,0,"0 0 0 0 0 0 0 0 0 0
0 0 0 0 0 0 0 0 0 0
0 0 0 0 3 3 3 3 3 3
0 2 2 0 3 3 3 3 3 3
0 3 3 0 2 2 2 2 2 2
0 3 3 0 0 0 0 0 0 0
0 3 3 0 0 0 0 0 0 0
0 3 3 0 0 0 0 0 0 0","**Analyzing the 2 stripe region**

I’m thinking about the two stripes at row 3, columns 1-2, and how they fit into the bigger picture. They seem to be isolated within a region mostly filled with zeros. The analysis shows that from rows 3 to 7 in columns 1-2, there’s a two-block that's primarily surrounded by zeros, particularly at row 4. This leads me to consider that the stripes must propagate down within this zero space until they hit a boundary. The goal seems to be finding the maximum block of contiguous non-zero elements, which includes those 3s forming a rectangular block.

**Analyzing the stripe propagation**

I see that in this block, row 4 has 2s, so they could propagate downward. However, the 3-block doesn’t extend further down, which makes me think about how they might treat that as a symmetrical propagation of 2s. Looking at the examples, I notice they fill subregions to create squares. 

There’s a rule emerging: for any large colored region with a horizontal stripe of a different color below, all cells beneath that stripe should change to the lower color. But in the case of the region from row 2-4, column 4-9, there aren't any more Xs below the stripe to replace, so the grid remains the same. Based on my analysis, it looks like the output will match the input grid in this case.

Rule: In each constant-color block containing a horizontal stripe of a different color, repaint all cells in that block below the stripe to the stripe’s color.",,"In each constant-color block containing a horizontal stripe of a different color, repaint all cells in that block below the stripe to the stripe’s color.",0,,Incorrect,0,0,
2025-08-01T21:44:25,AboveBelow,AboveBelow6,2,low,0,parse:non-integer token in row 1,0,"[[0,0,0,0,0,0,0,0,0,0,0,0,0],[0,0,0,0,0,0,0,0,0,0,0,0,0],[0,0,0,0,0,0,0,0,0,0,0,0,0],[8,8,8,8,8,8,8,8,8,8,8,8,8],[8,8,8,8,8,8,8,8,2,2,2,2,2],[2,2,2,2,8,8,8,8,2,2,2,2,2],[2,2,2,2,8,8,8,8,2,2,2,2,2],[0,0,0,0,0,0,0,0,0,0,0,0,0],[0,0,0,0,0,0,0,0,0,0,0,0,0],[0,0,0,0,0,0,0,0,0,0,0,0,0]]","Rule: For each horizontal stripe of a secondary color inside a rectangular region of a primary color, extend that stripe downward within its region until the region’s bottom boundary.",,"For each horizontal stripe of a secondary color inside a rectangular region of a primary color, extend that stripe downward within its region until the region’s bottom boundary.",0,,Incorrect,0,0,
2025-08-01T21:44:52,AboveBelow,AboveBelow6,3,low,0,mismatch,0,"0 0 0 0 0 0 0
0 0 0 0 0 0 0
0 0 0 0 0 0 0
2 2 0 0 0 2 1
2 2 0 0 0 2 1
2 2 0 0 0 2 1
2 2 0 0 0 2 1
2 2 0 0 0 2 1
1 1 0 0 0 1 1","**Clarifying block symmetry**

It seems like they want to create symmetry by repeating a smaller block; the goal is to match the height of another block. However, they repeated the smaller block downward, resulting in three rows to match the height of the upper block. 

For example, in a left big block of 5s, the top row is absent zeros, followed by three rows of 5s. I think the rule involves identifying the color bands and replicating them downward to maintain symmetry.

**Extending 2-blocks downward**

I've observed that there are two distinct 2-block shapes: one is located at row 6, columns 2-3, and another at row 8, columns 9-10. Both of these need to be extended to a height of 3 downward.

For the left 2-block, I’ll replace the 5s in rows 7 and 8 with 2s. The right 2-block is at row 8 only, so I can extend it to row 9. I’m also recognizing that I need to stop when hitting zero borders or the limits of the grid.

**Determining height for extension**

I'm figuring out how to extend a color block downward. The rule is to compute the height of the largest region of one color above another. For example, there are two regions of color 2, each at different columns in row 4. 

I realize that I must replace 1s beneath each color 2 block with the height of the taller contiguous region beneath it. In this case, I’m looking at adjacent 1-blocks and determining the height from the 5-block or its counterparts, which ultimately helps in extending the color correctly.

**Extending 2-blocks based on adjacency**

For each 2-block cluster, I'm assessing the height of adjacent blocks below it until a color change occurs. In previous examples, I've seen how the height from the bottom blocks directly influences how tall I should extend the 2-block. 

In summary, if there’s a larger block below, I extend the 2-block down to match that height. For the specific blocks I’m observing, I’ll fill in those rows to maintain the height while keeping other blocks intact. The final grid will reflect this structure accurately.

Rule: Each small-colored block is extended toward the adjacent larger-colored block to match the larger block’s height, replacing the larger color",,"Each small-colored block is extended toward the adjacent larger-colored block to match the larger block’s height, replacing the larger color",0,,Incorrect,0,0,
2025-08-01T21:45:20,AboveBelow,AboveBelow7,1,low,0,parse:non-integer token in row 1,0,"[[0,0,0,0,0,0,0,0,0,0],[0,0,0,0,0,0,0,0,0,0],[0,0,0,0,0,0,0,0,0,0],[0,4,4,4,0,4,4,4,4,0],[0,4,0,4,0,4,0,0,4,0],[0,4,4,4,0,4,0,0,4,0],[0,0,0,0,0,4,0,0,4,0],[0,0,0,0,0,4,0,0,4,0],[0,0,0,0,0,4,4,4,4,0],[0,3,3,3,0,3,3,3,3,0],[0,0,3,0,0,0,3,3,0,0],[0,0,0,0,0,0,0,0,0,0]]","**Analyzing clusters**

I'm analyzing the arrangement of shapes in a grid. It looks like I have clusters of two hollow rectangles: a smaller one (3x3) at the top and a larger one (6x4) below it. The positions could be swapped—should I keep the larger one at the bottom, or move the smaller one down? In the example, the smaller shape went below the larger one, so maybe I should follow that pattern. This definitely calls for some careful thinking!

**Reorganizing grid shapes**

In example 2, the top cluster's shape (8) moved below the bottom shape (2). I need to apply this for my current task: moving the top hollow small square (color3) beneath the bottom hollow rectangle (color4). So, I’ll remove the original 3 cluster and place it under the 4 cluster in the same columns.

The 4 cluster spans from rows 3 to 8, so the 3 cluster needs to start at row 9 and occupy rows 9 and 10. After doing that, I'll clear the original 3 cluster from the top and set those cells to zeros. Then I'll assemble the final grid accordingly!

**Placing clusters correctly**

I'm starting fresh with the placement of the 3 cluster. For row 9, I'll fill positions 1, 2, 3 and 5, 6, 7, 8 with the value 3. So, row 9 will be: 0, 3, 3, 3, 0, 3, 3, 3, 3, 0. 

For row 10, I’ll take values from row 2, which includes positions 2, 6, and 7. So, row 10 will look like: 0, 0, 3, 0, 0, 0, 3, 3, 0, 0. Row 11 will remain all zeros. I'll format that as JSON now!

Rule: Move the top‐most colored shape (all 3’s) to just below the existing bottom shape (all 4’s), preserving its pattern and horizontal alignment, and clear its original position.",,"Move the top‐most colored shape (all 3’s) to just below the existing bottom shape (all 4’s), preserving its pattern and horizontal alignment, and clear its original position.",0,,Incorrect,0,0,
2025-08-01T21:44:12,AboveBelow,AboveBelow7,2,low,0,mismatch,0,"0 0 0 0 0 0 0 0 0 0 0 0 0 0
0 1 1 1 1 1 1 0 0 0 0 0 0 0
0 1 0 0 0 0 1 0 1 0 0 0 1 0
0 1 0 0 0 0 1 0 0 2 2 2 0 0
0 1 0 0 0 0 1 0 2 1 1 1 1 1
0 1 0 0 0 0 1 0 2 0 0 0 1 0
0 1 0 0 0 0 1 0 2 0 0 0 1 0
0 0 2 2 2 0 0 0 0 0 0 0 0 0
0 2 0 0 0 2 0 0 0 0 0 0 0 0
0 0 0 0 0 0 0 0 0 0 0 0 0 0
0 0 0 0 0 0 0 0 0 0 0 0 0 0
0 0 0 0 0 0 0 0 0 0 0 0 0 0
0 0 0 0 0 0 0 0 0 0 0 0 0 0","**Analyzing input shapes**

I’m looking at the input shape, which appears to have the structure of two 8s, with some isolated 8s on the right. I see the potential for better patterns based on concentric rings: a colored ring around a blank space, and then another ring outside it. The approach could be to identify two rings, swap their positions so that the inner moves out and the outer moves in. In one example, there's a ring of 4 and then 3 inside that swaps; in another, the inner 8 ring could be swapped with a ring of 2.

**Identifying and swapping clusters**

It seems that in this case, the outer smaller ring of 2 is positioned larger as the outer ring, and we should swap it with the 8 ring. In the output, the smaller 2 is inside the hollow while the larger 8 moves outward. However, example 2 shows the original positions of 2 remain, but they might need to shrink. The original cluster of 8 in the top left isn’t a true ring; it's more of an odd shape. 

I think the goal is to identify the largest connected shapes for each color and then swap those. For example, in one case, the bounding boxes show that 2 at the top should move to the bottom, while 4 goes to the top. We should also consider any clusters on the right side and ensure we're focused on the larger ones while ignoring stray shapes. So, if we have multiple clusters of 8, we should focus on the largest one for the swap.

**Swapping color clusters**

I’m analyzing the input clusters for colors 1 and 2. There are two distinct clusters of 2: one at the top-left and another on the right. For color 2, I see occurrences across various rows and columns, with one cluster being three contiguous elements at specific positions. The left side features a large ring of color 1, while on the right, there’s a smaller structure formed by color 2. 

The plan is to swap these patterns — moving the larger ring of 1s into the top-left and placing the smaller 2 shape in the center. I need to define the bounding boxes accurately for both shapes to ensure they align properly during the swap. This approach should highlight the difference in size and structure effectively, while leaving the background intact.

**Swapping and reflecting shapes**

I’m refining how to handle the bounding boxes for the two color-coded shapes. I want to exchange their positions while keeping their geometries intact. The first shape, consisting of color 2, covers particular non-zero positions, while the second shape is from color 1. After calculating the bounding boxes, I find that shape B is larger than shape A, which complicates the swap.

Instead, I should focus on the largest shapes for fair swapping. Color 1 has a total area of 27, while color 2 covers 10. This suggests moving the blocks: I’ll place the blocks of color 1 in the position of color 2 and vice versa. Finally, I’ll reflect these shapes across the centerline, giving them distinct positions while remaining in their respective bounding areas.

Rule: Identify the two solid‐color shapes (colors 1 and 2), swap their positions exactly, leaving their orientations and forms unchanged.",,"Identify the two solid‐color shapes (colors 1 and 2), swap their positions exactly, leaving their orientations and forms unchanged.",0,,Incorrect,0,0,
2025-08-01T21:43:54,AboveBelow,AboveBelow7,3,low,1,,0,"0 0 0 0 0 0 0 0 0
0 0 0 0 0 0 0 0 0
0 0 0 0 0 0 0 0 0
0 7 7 7 7 7 7 7 0
0 7 0 0 0 0 0 7 0
0 7 0 0 0 0 0 7 0
0 7 0 0 0 0 0 7 0
0 7 7 7 7 7 7 7 0
2 2 2 2 2 2 2 2 2
0 0 0 0 2 0 0 0 0
0 0 0 0 2 0 0 0 0
0 0 0 0 0 0 0 0 0","**Clarifying shape visualization**

I need to move a shape to the underside of a rectangle while keeping it horizontal. The example's 8-shape is actually a pyramid, which is a bit confusing since it seems like an iterative growth shape. Visualizing it, I see it's arranged in rows, resembling a filled triangle. So, when I paste it below the rectangle and rotate it 90 degrees, the rows do match the triangular structure, but I'm noticing some discrepancies with the numbers I initially had. This needs to be double-checked!

**Analyzing shape arrangement**

I’ve noticed that output row 8 features a single ""8"" at column 8, while row 9 has three ""8s"" across columns 8, 9, and 10. Row 10 contains four ""8s"" at columns 2 to 5, and row 11 holds six ""8s"" from columns 1 to 6. It appears to form an inverted triangle, possibly flipping the original shape both vertically and horizontally. 

For the T-shape formed by ""2s,"" I plan to place it directly below the 7-rectangle, maintaining its original horizontal orientation. This means row 8 will have ""2s"" in columns 0 to 8.

**Constructing the output grid**

I'll start by placing the vertical stem of ""2s"" at row 9 and row 10 in column 4. The grid is 12 rows by 9 columns, which matches the input. 

First, I’ll initialize everything to zeros, copy the rectangle from rows 3 to 7, and maintain its border. Next, I’ll set row 8 with nine ""2s,"" and add ""2s"" in rows 9 and 10 at column 4.

Now, for the grid string, I plan to format it with newline separators, keeping it consistent with the input structure by using the ""\n"" escape sequence for JSON compatibility.

Rule: Move the horizontal and vertical line shape of 2s (the T shape) to directly below the hollow rectangle of 7s without rotating, leaving the rectangle in place.",,"Move the horizontal and vertical line shape of 2s (the T shape) to directly below the hollow rectangle of 7s without rotating, leaving the rectangle in place.",0,,Correct - Unintended,0,0,
2025-08-01T21:44:17,AboveBelow,AboveBelow8,1,low,0,parse:non-integer token in row 1,0,"[[0,0,0,0,0,0,8,8,0,0,0,0],[0,0,0,0,0,0,0,8,0,0,0,0],[0,0,0,0,0,8,8,8,0,0,0,0],[0,0,0,0,0,8,0,0,0,0,0,0],[0,0,0,8,8,8,0,0,0,0,0,0],[0,0,0,8,0,0,0,0,0,0,0,0],[0,0,0,8,8,8,0,0,0,0,0,0],[0,0,0,0,0,8,0,0,0,0,0,0],[0,0,0,0,0,8,8,8,8,0,0,0],[0,0,0,0,0,0,0,0,8,0,0,0],[0,0,0,0,0,0,0,0,8,0,0,0]]","**Understanding the rule for shapes**

I need to clarify how the rule works. In the examples, the input consists of multi-colored shapes made from blocks of numbers, specifically featuring an ""8"" shape inside. The output should extract just the ""8,"" reducing it to the minimal bounding box and aligning it to the bottom left. 

Looking at Example 1, the input has 11 rows with 13 columns, showing only the area corresponding to the ""8"" shape surrounded by zeros. This clearly highlights its position.

**Analyzing position matching**

In output 1, the positions of ""8"" should match the original positions in the input, but they have pruned surrounding zeros. When I compare the input's fourth row, it shows values where the output zeros that row out. It seems they cut out rows above until the first ""8"" appears in the lower rows.

Looking at the input coordinates, the original ""8""s appear in rows three and four, yet those rows in the output are all zeros. It seems odd to zero out those rows since they contained ""8""s. So everything appears moved down, but relative positions are maintained. I'll need to clarify why some ""8""s were removed from the output.

**Understanding the selection process**

In Example 1, it looks like they crop out rows with fewer than two occurrences of ""8."" It seems they keep rows starting from one with a count of at least one but end up dropping the first two rows with ""8."" 

As I analyze further, the intent seems to be highlighting the regions with ""8"" while masking out everything else. However, they’ve intentionally removed some ""8""s because they likely don’t fit the desired motif within the colored blocks. They focus on the common pattern of ""8""s across all blocks, ensuring only central positions are retained in the output.

Rule: Keep only the positions of 8 from the input, setting all other cells to 0",,"Keep only the positions of 8 from the input, setting all other cells to 0",0,,Incorrect,0,0,
2025-08-01T21:43:46,AboveBelow,AboveBelow8,2,low,0,mismatch,0,"0 0 0 0 0 0 0 0 0 0 0 0 0 0 0
0 8 8 0 0 0 0 0 0 0 0 0 0 0 0
0 0 8 0 0 0 0 0 0 0 0 0 0 0 0
0 0 8 0 0 0 0 0 0 0 0 0 0 0 0
0 0 8 8 8 8 0 0 0 0 0 0 0 0 0
0 0 0 0 0 8 0 0 0 0 0 0 0 0 0
0 0 0 0 0 8 8 8 8 8 8 0 0 0 0
0 0 0 0 0 0 0 0 0 0 8 0 0 0 0
0 0 8 8 8 8 8 8 8 8 8 0 0 0 0
0 0 8 0 0 0 0 0 0 0 8 0 0 0 0
0 0 0 0 0 0 0 0 0 0 0 0 0 0 0","Rule: Extract all cells of color 8 from the input, set all other cells to 0",,"Extract all cells of color 8 from the input, set all other cells to 0",0,,Incorrect,0,0,
2025-08-01T21:44:09,AboveBelow,AboveBelow8,3,low,0,mismatch,0,"0 0 0 0 0 0 0 0 0 0
0 0 0 0 8 0 0 0 0 0
0 0 0 0 8 0 0 0 0 0
0 0 0 0 8 8 0 0 0 0
0 0 0 0 0 8 0 0 0 0
0 0 0 0 8 8 0 0 0 0
0 0 0 0 8 0 0 0 0 0
0 0 0 8 8 0 0 0 0 0
0 0 0 8 0 0 0 0 0 0
0 0 0 8 0 0 0 0 0 0
0 0 0 8 0 0 0 0 0 0
0 0 8 8 0 0 0 0 0 0
0 0 8 0 0 0 0 0 0 0","Rule: Output only the shape formed by the input’s color 8, setting all other cells to 0",,"Output only the shape formed by the input’s color 8, setting all other cells to 0",0,,Incorrect,0,0,
2025-08-01T21:44:25,AboveBelow,AboveBelow9,1,low,1,,0,"0 0 8 0 0 0 0 0 0 0 0 0 0 0 0
0 0 8 8 8 8 8 0 0 0 0 0 0 0 0
0 0 0 0 0 0 8 0 0 0 0 0 0 0 0
0 0 0 0 0 0 8 0 0 0 0 0 0 0 0
0 0 0 0 8 8 8 0 0 0 0 0 0 0 0
0 0 0 0 8 0 0 0 0 0 0 0 0 0 0
0 0 0 0 8 0 0 0 0 0 0 0 0 0 0
0 0 0 0 8 8 8 8 0 0 0 0 0 0 0
9 9 9 9 9 9 9 9 9 9 9 9 9 9 9
0 0 0 0 0 0 0 0 0 0 0 0 0 0 0
0 0 0 0 0 0 0 0 0 0 0 0 0 0 0
0 0 0 0 0 0 0 0 0 0 0 0 0 0 0","Rule: Keep all rows up to and including the complete uniform row (the row filled entirely by a non-zero value) unchanged, and set all cells in all rows below that row to zero.",,"Keep all rows up to and including the complete uniform row (the row filled entirely by a non-zero value) unchanged, and set all cells in all rows below that row to zero.",0,,Correct - Unintended,0,0,
2025-08-01T21:44:35,AboveBelow,AboveBelow9,2,low,1,,0,"0 0 0 1 0 0 0 0 0 0 0 0
3 3 3 3 3 3 3 3 3 3 3 3
0 0 0 0 0 0 0 0 0 0 0 0
0 0 0 0 0 0 0 0 0 0 0 0
0 0 0 0 0 0 0 0 0 0 0 0
0 0 0 0 0 0 0 0 0 0 0 0
0 0 0 0 0 0 0 0 0 0 0 0
0 0 0 0 0 0 0 0 0 0 0 0
0 0 0 0 0 0 0 0 0 0 0 0
0 0 0 0 0 0 0 0 0 0 0 0
0 0 0 0 0 0 0 0 0 0 0 0
0 0 0 0 0 0 0 0 0 0 0 0","**Constructing grid string**

I'm thinking about how to create a grid string. I’ll use newline characters to separate the rows, but I want to ensure I’m using the right quotes. JSON typically uses double quotes, so I’ll escape the newline properly. 

The format should look like: ""0 0 0 1 0 0 ...\n3 3 ..."". I wonder if I need spaces between the numbers. I'll generate a total of 12 rows, including ten rows of zeros: ""0 0 0 0 ..."", and be cautious about formatting to ensure it's valid JSON.

**Formulating grid rules**

I'm defining a rule to manage my grid: I want to keep all rows unchanged from the top down to the full-length horizontal bar, but everything below that bar should be set to zeros. 

So, I’ll create ten identical lines of zeros for rows 3 through 11. It’ll look like this: ""0 0 0 0 0 0 0 0 0 0 0 0"" for each line. Alright, I just need to ensure the formatting is consistent across these rows. Let’s write those zeros out!

Rule: Keep all rows from the top down to and including the full-length horizontal bar unchanged, and set all rows below that bar to all zeros.",,"Keep all rows from the top down to and including the full-length horizontal bar unchanged, and set all rows below that bar to all zeros.",0,,Correct - Unintended,0,0,
2025-08-01T21:44:40,AboveBelow,AboveBelow9,3,low,1,,0,"2 2 2 2 2 2 2 2 2 2 2
0 0 0 0 0 0 0 0 0 0 0
0 0 0 0 0 0 0 0 0 0 0
0 0 0 0 0 0 0 0 0 0 0
0 0 0 0 0 0 0 0 0 0 0
0 0 0 0 0 0 0 0 0 0 0
0 0 0 0 0 0 0 0 0 0 0
0 0 0 0 0 0 0 0 0 0 0
0 0 0 0 0 0 0 0 0 0 0","**Clarifying grid rules**

Alright, I’m looking at the grid shapes and how to process them based on color rules. I need to identify the row completely filled with the specified color—in this case, color 4. I then zero out all rows below that full row while keeping everything above it intact. 

For the test input with 9 rows, where row 0 is filled with 2s, it stays unchanged, while rows 1 to 8 become zeros. So the final grid is 9 rows by 11 columns with row 0 unchanged, followed by rows of zeros.

**Defining JSON structure**

I'm working on the JSON format where I need to define a rule about row management in the grid. The rule states to keep all rows above and including the solid row of nonzero color and set all below it to zero.

I’ll create a grid string consisting of lines with space-separated values, using newline characters to separate rows. I’ll format it as a JSON object where the grid includes these newlines correctly represented as ""\n"", while ensuring it's minified without extra spaces outside. The output should reflect the entire structure properly.

Rule: Identify the horizontal divider row composed entirely of a single nonzero color and remove (set to zero) all cells in rows below it, preserving all cells above and including that row.",,"Identify the horizontal divider row composed entirely of a single nonzero color and remove (set to zero) all cells in rows below it, preserving all cells above and including that row.",0,,Correct - Unintended,0,0,
