timestamp,concept,puzzle,test_idx,effort,is_correct,err,tools_used,answer,summary,programming_calls,Rule,validated
2025-08-03T01:45:09,MoveToBoundary,MoveToBoundary1,1,medium,1,,0,"0 0 0 0 2 0
0 0 0 0 2 0
0 1 1 1 2 0
0 0 0 0 2 0
0 0 0 0 2 0
0 0 0 0 2 0","**Calculating block distance**

I’m trying to figure out how a block shifts right toward a barrier. The barrier's at column 5, and the block sits between columns 1-2. The block's rightmost point is column 2, and after moving, it lands at column 4, which puts it just one column away from the barrier at column 5. Initially, there were two columns of zeros between the block and the barrier, but they seem to have compressed to just one zero in the output. I need to confirm that!**Examining block positions**

I’m analyzing the distance between columns and zeros near the barrier at column 5. In the output grid, column 4 has only 1s and column 5 is the barrier, so the zero count between the block and the barrier is indeed zero. The block shifted from columns 1-2 to 3-4, moving two spaces right.

Now considering a new input grid with a ""T"" shape of ones that is left of a barrier at column 4. The shape of ones moves horizontally to be next to the barrier in the output. The rightmost part of the shape ends up at column 3, directly adjacent to the barrier.**Determining shifts toward barriers**

I’m calculating how to shift shapes toward barriers based on their positions. For example, if the barrier is at column 4 and the block's rightmost position is at column 2, that leaves one empty space. So, when I shift the block right by one space, its new positions become columns 4 and 5. 

In another instance, with a barrier at row 4 and a hollow rectangle above it, I observe that the rectangle needs to shift down to just above the barrier, moving from rows 1-2 to rows 2-3. The general rule is to move shapes toward the barriers until they touch, without overlapping.**Generating output in JSON**

I've confirmed that the shape of 1s moved from columns 0, 1, and 2 to columns 1, 2, and 3 in row 2, making the grid reflect that change. The barrier at column 4 remains intact, so the final grid looks good. 

Now for the JSON format, it should describe the transformation rule clearly. I'll make sure the rule states: ""Shift the 1s block directly toward the 2s barrier until it is adjacent,"" and format it correctly without spaces. There we go!

Rule: Shift the 1s block directly toward the 2s barrier until it is adjacent",,Shift the 1s block directly toward the 2s barrier until it is adjacent,0
2025-08-03T01:45:59,MoveToBoundary,MoveToBoundary1,2,medium,1,,0,"0 0 0 0 1 1 1 2 0
0 0 0 0 1 1 0 2 0
0 0 0 0 1 0 0 2 0
0 0 0 0 1 1 0 2 0
0 0 0 0 1 1 1 2 0
0 0 0 0 1 1 0 2 0
0 0 0 0 1 0 0 2 0
0 0 0 0 1 1 0 2 0
0 0 0 0 1 1 1 2 0","**Reflecting Shapes**

I'm working on a task that involves reflecting a shape of 1's across a vertical line of 2's. The goal is to mirror the pattern on the left of the line to the right side. For example, with a 4-block square of 1's located to the left of the line, the output should show the square mirrored on the right. I'm confirming the coordinates and the arrangement of the shapes to ensure I get it right! The 2's will help mark the central line for this reflection.**Analyzing Reflection Mapping**

I've been figuring out how to reflect a shape across a line of 2's, but it gets a bit tricky! The original shape occupies columns 1 and 2, and it needs to be mirrored across column 5. I thought about the distance to the line, but mapping it to column 9 seems incorrect since the grid width is only 7. It looks like the shape is simply moved to columns 3 and 4, which are still to the left of the 2's line. I need to clarify this transformation!**Moving Shapes for Adjacency**

I've established that shapes need to be moved to sit directly adjacent to the line of 2's, whether it's horizontal or vertical. For example, in a 6x6 grid, I see that a plus-like shape of 1's has been shifted right to occupy columns 2 and 3, just touching the column of 2's. 

In an 8x8 grid, similar adjustments are made so the shapes hug the 2's line closely. In another case, shapes above a horizontal line of 2's are moved down to maintain adjacency. The goal is to ensure the shapes touch the line without overlapping, preserving their orientation throughout this process.**Translating Shape Adjacency**

I've realized that the shape's adjustment needs to reflect the gap between the shape's rightmost edge and the line of 2's. For instance, when the rightmost column of shape is at 2 and the 2 line is at 5, the shape must shift by 2 columns to be adjacent. This pattern applies across various grids, ensuring shapes hug the line of 2's accordingly.

In the latest example, with a 9x9 grid, I'll translate all 1's one column to the right while the 2's remain fixed. The final output will reflect this shift accurately, formatted as a minified JSON object.**Clarifying the Rule**

I've decided to word the rule as: ""Shift the block of 1s towards the line of 2s until it is immediately adjacent without overlapping, while preserving its shape."" It's simple and clear, which I think conveys the intent well. Now, I'll consider this final version, ensuring it captures the essence of what needs to be done in this task. I feel confident that this will communicate the necessary action effectively!

Rule: Shift the 1s block toward the continuous line of 2s until it is directly adjacent, preserving its shape.",,"Shift the 1s block toward the continuous line of 2s until it is directly adjacent, preserving its shape.",0
2025-08-03T01:46:46,MoveToBoundary,MoveToBoundary1,3,medium,0,parse:non-integer token in row 1,0,"[[0,0,0,0,0,0,0,0,0],[0,0,0,0,0,0,0,0,0],[0,0,0,0,0,0,0,0,0],[0,0,0,0,0,0,0,0,0],[0,0,0,0,0,0,0,0,0],[0,1,0,0,0,1,0,0,0],[1,0,1,0,1,0,1,0,1],[0,0,0,1,0,0,0,1,0],[2,2,2,2,2,2,2,2,2]]","**Finding shape and bounding box**

I’m checking a test input with a 9x9 grid, and it seems there's a horizontal line of 2s at the bottom row, which means I need to position a shape down to row 7. The shape consists of 1s in a certain pattern. So, I need to identify where these 1s are located. I find them in rows 4 to 6, spanning from columns 0 to 8. It looks like the bounding box is from row 4 to 6 and column 0 to 8.**Adjusting the shape position**

To adjust the height, I calculate it as 6-4+1, which gives me 3 rows. The bottom is currently at row 6, and I want it adjacent to the line at row 8, so it should shift down to row 7. This means moving it down by one row, resulting in the new rows being 5 to 7. 

I’ll keep columns the same but zero out rows 4 to 6 and place the 1s in their new rows. The final grid will have zeros everywhere else, confirming the layout looks correct.**Preparing JSON output**

I need to create a minified JSON response with two keys: ""rule"" and ""grid."" The rule should clearly state how to move the block of 1s toward the line of 2s, maintaining its shape. I think a succinct description could work well, like: “Shift the pattern of 1s so its bounding box becomes adjacent to the 2-line.” 

I’ll finalize the grid representation and ensure everything is serialized correctly. So I’m ready to present the final JSON output.

Rule: Translate the cluster of 1s toward the line of 2s so its bounding box becomes adjacent to that line, preserving the pattern orientation.",,"Translate the cluster of 1s toward the line of 2s so its bounding box becomes adjacent to that line, preserving the pattern orientation.",0
2025-08-03T01:46:25,MoveToBoundary,MoveToBoundary10,1,medium,1,,0,"0 0 0 0 0 0 0 0 0 0 0 0 0 0 0 0 0 0
0 0 3 0 0 0 0 0 0 0 0 0 0 0 0 7 0 0
0 3 0 3 0 0 0 0 0 0 0 0 0 0 7 0 7 0
3 0 0 0 3 0 0 0 0 0 0 0 0 7 0 0 0 7
0 3 0 3 0 0 0 0 0 0 0 0 0 0 7 0 7 0
0 0 3 0 0 0 0 0 0 0 0 0 0 0 0 7 0 0
0 0 0 0 0 0 0 0 0 0 0 0 0 0 0 0 0 0","**Analyzing input patterns**

I'm checking the input for patterns in the rows and columns. In Row 1, I see 3s in columns 2, 4, and 6, and 4s in columns 10, 12, and 14. Row 3 has 3s in columns 2 and 6, and 4s in columns 10 and 14. It seems like there are distinct patterns, with a block of 3s on the left side and 4s on the right that don't connect, forming a hollow 3x3 shape. Let's visualize this!**Identifying grid patterns**

I'm noticing the column patterns for the numbers in the rows. It seems that Row 1 has 3s in columns 0, 2, and 4, while Row 3 has 3s only in columns 0 and 4. This creates a hollow 3x3 shape, with the center missing. The 4s, similarly, form the same hollow outline in a different area of the grid. This means both shapes are shifted left and right respectively. I need to visualize this grid to clarify the patterns further!**Generating minified JSON**

I'm preparing to return a minified JSON object with specific transformations for the grid. The rule describes shifting shapes horizontally toward the nearest vertical edges, ensuring that their bounding boxes touch those edges. I'm confirming that the rows are correctly indexed, especially Row 3, and double-checking the entries for consistency. My final grid output is formatted correctly with all necessary rows. The transformation rule is also phrased to clearly communicate the operations. Let’s get this finalized!**Finalizing JSON output**

I've structured the JSON to define a rule for shifting nonzero components horizontally toward the nearest vertical borders while preserving their shapes and row positions. I've also confirmed that Row 4's values are set correctly in the grid. It's important that there are no extra spaces in the JSON, and I’ll ensure the double quotes are properly formatted. Everything seems to be in order now to produce the final JSON output. Let's finalize this!

Rule: Shift each nonzero component horizontally toward the nearest vertical border, moving left‐side components to the left edge and right‐side components to the right edge, preserving their shape and row positions.",,"Shift each nonzero component horizontally toward the nearest vertical border, moving left‐side components to the left edge and right‐side components to the right edge, preserving their shape and row positions.",0
2025-08-03T01:44:58,MoveToBoundary,MoveToBoundary10,2,medium,1,,0,"0 0 0 0 0 0 0 0 0 0 0 0 0 0 0 0 0 0
0 0 0 0 0 0 0 0 0 0 0 0 0 0 0 0 0 0
5 5 5 0 0 0 0 0 0 0 0 0 5 5 5 5 5 5
5 4 5 0 0 0 0 0 0 0 0 0 5 4 4 4 4 5
5 5 5 0 0 0 0 0 0 0 0 0 5 4 4 4 4 5
0 0 0 0 0 0 0 0 0 0 0 0 5 4 4 4 4 5
0 0 0 0 0 0 0 0 0 0 0 0 5 5 5 5 5 5
0 0 0 0 0 0 0 0 0 0 0 0 0 0 0 0 0 0
0 0 0 0 0 0 0 0 0 0 0 0 0 0 0 0 0 0","**Analyzing clusters and alignment**

I'm observing that the right block is aligned flush with the right border and has a width of 19 columns, with the highest index being 18. The group contains three elements, the last being at index 18. I see a pattern where the distance between elements is 2, confirming the flush alignment on both ends. Clusters defined by color, like those in examples 1 and 2, maintain their relative positions while sliding towards their respective borders, keeping the overall rule intact.**Examining cluster structures**

I'm analyzing how the left and right clusters are treated symmetrically, despite their colors. The grid has 9 rows and 18 columns. Focusing on rows 2-6, I'll rewrite those containing non-zero values. 

In row 2, I see a 3x3 pattern of 5s, while the middle of row 3 is a 4, indicating a central variation. The right group creates a hollow rectangle with a border of 5s and an interior filled with 4s, showcasing interesting structural elements in both clusters.**Defining clusters and grid transformation**

I'm identifying clusters in the grid: a small 3x3 block with a 4 at its center on the left and a larger 6x5 rectangle on the right, both surrounded by 5s. For the output, the left cluster shifts to occupy columns 0-2, while the right cluster fits into columns 12-17. Rows for both clusters stay the same, filling with values from the clusters and leaving other cells as zeros. The resulting grid will be 9x18 and I’ll prepare the JSON object for the final output.**Creating the JSON output**

I'm finalizing the transformation rule and grid for the JSON output. The rule states, ""For each horizontal block of non-zero shapes, shift the leftmost shape flush to the left border and the rightmost shape flush to the right border, preserving their internal structure and row alignment."" 

Now, I need to format the grid as a string. It will consist of nine rows, with each row containing 18 numbers separated by spaces. I'm ensuring accuracy in spacing and alignment for the final JSON representation. This should create a clean output that clearly communicates the transformation.

Rule: Shift the leftmost nonzero cluster flush to the left edge and the rightmost nonzero cluster flush to the right edge within each horizontal band, preserving their internal structure and row alignment.",,"Shift the leftmost nonzero cluster flush to the left edge and the rightmost nonzero cluster flush to the right edge within each horizontal band, preserving their internal structure and row alignment.",0
2025-08-03T01:45:42,MoveToBoundary,MoveToBoundary10,3,medium,0,parse:rows have unequal length,0,"9 9 9 9 9 9 9 0 0 0 0 0 4 0 0 0 0 0 0 0 0 3 3 3 0 3
9 0 0 0 9 0 9 0 0 0 0 4 4 0 0 0 0 0 0 0 0 3 3 0 0 3
9 9 9 9 9 9 9 0 0 0 4 0 4 0 0 0 0 0 0 0 3 0 3 0 3
9 0 0 0 9 0 9 0 0 0 4 4 0 0 0 0 0 0 0 0 3 0 0 3 3
9 0 0 0 9 0 9 0 0 0 0 0 0 0 0 0 0 0 0 0 3 3 3 3 3
9 9 9 9 9 9 9 0 0 0 0 0 0 0 0 0 0 0 0 0 0 0 0 0 0
0 0 0 0 0 0 0 0 0 0 0 0 0 0 0 0 0 0 0 0 0 0 0 0 0
0 0 0 0 0 0 0 0 0 0 0 0 0 0 0 0 0 0 0 0 0 0 0 0 0","**Identifying transformation rules**

I'm looking at an ARC puzzle, where I need to determine the transformation rule from the provided examples. In Example 1, a 9x11 grid has two colored blocks—a block of 2s and a block of 1s. The 2s are in a 3x3 square from row 3-5 and column 2-4, while the 1s are in column 6-8. The output has these blocks shifted to the edges: the 2s to the left and the 1s to the right, leaving blanks in the center.**Analyzing block movements**

The 1 block starts in columns 6-8 and shifts right to 8-10. In Example 2, I see a 7x19 grid with two patterns: blocks of 3s in rows 1, 3, and 5 at columns 2, 4, and 6, and blocks of 4s at columns 10, 12, and 14. 

In the output, the 3s are moved to the left edge at columns 0, 2, and 4, and the 4s are shifted right to columns 14, 16, and 18. The shifts bring the blocks to the edges while maintaining their vertical alignment.**Examining shape patterns**

I'm analyzing patterns in a grid with two shapes: a color 9 block on the left and a combination of colors 3 and 4 on the right. The right shape resembles the example 2 pattern, featuring both 3s and 4s, but they may be intermingled. It seems like the block of 3s has a more complex arrangement than in example 2. 

In this scenario, there are three distinct shapes: the color 9 shape, the color 3 shape, and the color 4 shape. The pattern indicates that connectivity can include adjacent colors, as evidenced by the shared bounding box, while the shapes themselves are still treated as separate regions.**Analyzing shape movement**

I'm looking at how to move the shapes in this grid. The idea is that all 3s would shift to the left, but if the 3s overlap the 9 block, that doesn't seem right. It might be better to only move shapes to the right of the center. 

So I should be considering the two largest clusters of shapes based on their pixel count. I’ve counted the shapes: the 9s have a total of 33, while the 3s have about 17 and the 4s around 7. 

Ultimately, it looks like there aren't two identical shapes to move, so I have to rethink this. Instead of finding identical shapes, I may have to focus strictly on their individual shapes and how they relate within the grid's structure.

Rule: Shift the leftmost colored shape horizontally so it touches the left border, and shift the rightmost colored shape so it touches the right border (keeping other shapes in place)",,"Shift the leftmost colored shape horizontally so it touches the left border, and shift the rightmost colored shape so it touches the right border (keeping other shapes in place)",0
2025-08-03T01:44:40,MoveToBoundary,MoveToBoundary2,1,medium,1,,0,"0 0 0 0 0 0 0 0 0 0
0 0 0 0 0 0 0 0 0 0
0 0 0 0 0 0 0 0 0 0
0 0 0 7 7 7 7 7 7 7
0 0 0 0 0 0 0 0 0 0
0 0 0 0 0 0 7 7 7 7
0 0 0 0 0 0 0 0 0 0
0 0 0 0 0 0 0 0 0 0
0 0 0 0 0 0 0 0 0 0
0 0 0 0 0 0 0 0 0 0","**Calculating component shifts**

I'm figuring out how to compute the original max row per cluster. For the big cluster with rows 2-8, the max row is 8, so it moves down by 1. For the medium cluster, with rows 3-6, the max row is 6, shifting down by 3. For the small cluster in rows 4-5, the max is 5, moving down by 4. I'm ensuring each component touches the bottom row (row 9) without overlapping in the x-direction, confirming they just fall individually.**Analyzing cluster configurations**

I'm mapping out clusters based on their positions: the top cluster is a length of 5 at row 2, the mid-cluster is an L-shape starting at row 4 and extending to row 5, and the bottom cluster at row 7 spans a length of 9. I realize that the mid-cluster is indeed one component since they share adjacency. In total, I have three clusters: top (length 5), middle (length 9), and bottom (length 9). Now I’m reviewing the output to ensure the coordinates align with my understanding. The bottom row seems to have shifted and shortened, which I need to clarify further.**Reassessing cluster movements**

I'm considering how the cluster shapes might change. The rule dictates that clusters should be shifted horizontally until their edges touch the grid’s border. For vertical clusters, they only move downward, while horizontal clusters move rightward as if “gravity” pulls them in that direction. 

For the top cluster, I confirmed its shift aligns correctly. However, with the mid-cluster, although I thought it would stay due to no delta, the output shows a discrepancy implying two separate clusters. This raises questions about how segments connect and shift, suggesting each contiguous section might shift individually. It seems like the outputs may reflect disconnected components despite my initial assumption of connectivity. I need to ensure that movement and segment integrity are consistent across the examples.**Analyzing cluster merging**

I'm evaluating how overlapping segments are handled, and it seems they’re combined into longer segments. Initially, I expected to see distinct segments for each, but the output suggests segments merged into one coherent cluster. For instance, col3 originally had two separate segments, but they might have been shifted together until merging occurred. 

This leads me to conclude that when clusters are moved, they compressed to fill gaps, resulting in a continuous segment. It appears the rule applies to both row and column movements, compressing colored cells towards the nearest grid edges. This understanding will guide how future examples are processed.**Determining compression rules**

I'm analyzing how rows and columns are compressed in the examples. For ex1, I see that row compression wasn't applied; instead, columns were compressed. In ex2, it seems they only used row compression, while ex3 utilized vertical compression. 

When checking a test input, I found two segments of 7s in different rows but no long vertical segments. This means the dominant orientation is again horizontal. Thus, I'll fill the rightmost positions in each row with the count of 7s present, creating a structured output in JSON format with the appropriate transformation rule.

Rule: For each row, slide all 7s rightward to fill the right edge, preserving count",,"For each row, slide all 7s rightward to fill the right edge, preserving count",0
2025-08-03T01:46:51,MoveToBoundary,MoveToBoundary2,2,medium,1,,0,"0 0 0 0 0 0 0 0 0 0
0 0 0 0 0 0 0 0 0 0
0 0 0 0 0 0 0 0 0 0
0 0 0 0 0 0 0 0 0 0
0 0 0 0 0 0 0 0 0 0
0 0 0 0 0 0 0 0 0 0
0 0 0 0 0 0 0 0 0 0
0 7 0 0 0 0 0 0 0 0
0 7 0 0 0 7 0 0 0 7
0 7 0 0 0 7 0 0 0 7","**Clarifying grid orientation rules**

I’m thinking about collapsing 7’s in each row or column into a contiguous block based on their orientation. For horizontally oriented segments, I’d shift them to the right, and for vertically oriented segments, I’d shift them to the bottom. The general rule is to consider connected components along the major axis. However, I'm pondering what to do when there's a mix, like with the example grids that had distinct vertical and horizontal segments. So, in a 10x10 grid, I need to analyze the counts carefully.**Analyzing segmentation rules**

I'm grappling with how to apply the rules for both horizontal and vertical segments. The grid input shows isolated 7s across various rows and columns. For instance, in column 1, there are 7s present in rows 1, 4, and 5 but with gaps in between, creating disjoint clusters. In terms of counts, I see column 1 has three, and column 9 has two 7s, reflecting their vertical segmentation. Meanwhile, row 1 has two, but they aren't contiguous. I need to consider orientation based on these patterns to determine how to summarize the segments effectively.**Defining grid transformation rules**

I’m working on how to transform the grid based on the counts of 7s in each column. I see that, for example, column 1 has three 7s, column 5 has two, and column 9 has two as well. The rule is to count each 7 and then create a contiguous vertical block at the bottom of the column. So, for columns with 7s, I'll fill the cells accordingly. I also need to format the final output as a proper string for JSON with spaces and line breaks. This ensures clarity and the right structure for the grid representation.**Preparing JSON output**

Let’s enumerate the grid rows to clarify their content. Rows 0 through 6 consist entirely of zeros. Row 7 features a 7 in column 1, while rows 8 and 9 have more 7s scattered across various columns. Now, for the JSON output, I need it to be minified, meaning no spaces except within strings. Including newline characters is essential, so the grid will be structured correctly without trailing spaces. Therefore, my final JSON will reflect that format for easy parsing and clarity.

Rule: For each column, count the number of 7s in that column and draw a contiguous vertical block of that length aligned to the bottom edge in that column",,"For each column, count the number of 7s in that column and draw a contiguous vertical block of that length aligned to the bottom edge in that column",0
2025-08-03T01:46:15,MoveToBoundary,MoveToBoundary2,3,medium,1,,0,"0 0 0 0 0 0 0 0 0 0
0 0 0 0 0 0 0 0 0 0
0 0 0 0 0 0 0 0 0 0
0 0 0 0 0 0 7 7 7 7
0 0 0 0 0 0 0 0 0 0
0 0 0 0 0 0 0 0 0 0
0 0 0 0 0 0 7 7 7 7
0 0 0 0 0 0 0 0 0 0
0 0 0 0 0 0 0 0 0 0
0 0 0 0 0 0 0 0 0 0","**Analyzing ARC Puzzle Grid**

I’m looking at this ARC puzzle that involves transformation rules for grids of 7s. The example shows a 10x10 grid with a plus shape, highlighting a vertical line of 7s in column 5 from rows 2 to 8. There are also some extra 7s at coordinates (3,1) and (4,1). I should note the coordinates in zero-index format too.

It seems like I should identify whether this pattern could be a rotation or something similar. Let's keep dissecting this!**Reviewing Transformation Shift**

I'm analyzing the transformation in the ARC puzzle example. It appears the pattern shifts downward by one row! The input rows 2 to 8 correspond to output rows 3 to 9, and while the columns for the specific values seem unchanged, it’s important to note the input’s arrangement.

For example, the input row showed values at certain columns, but as I checked the outputs, some values might not directly match. I should carefully list the output positions to avoid any confusion and clarify the pairing! Let's keep dissecting this for better accuracy.**Understanding Row Transformations**

I'm examining how the patterns shift in the ARC puzzle. The input's rows indicate a misalignment where outputs don't match expected positions for certain values. It seems like I should analyze the counts of 7s per input row: for example, row 3 has 2, while row 4 has 3, and so on.

As I evaluate the mappings, it appears the output rows are rearranged in ascending order based on the count of 7s. They’ve moved down by one row, possibly to maintain a similar structure with zero rows above. The non-zero rows should have shifted and been organized into a compact form. I’ll keep unraveling this to clarify the overall pattern!**Defining Transformation Rules for Grid**

I'm working on defining the rules for transforming the grid in the example. The largest runs of 7s determine the orientation: if vertical, I shift columns down; if horizontal, I shift rows to the right. Analyzing the test input, row 3 has the longest horizontal segment, so it makes sense to apply the row-wise rule.

I’ll count the 7s in each row and then arrange them at the end of the output rows, aligning them right. The final rule description will outline this process clearly, and the format for the grid representation will need to be consistent with previous examples, ensuring it's a newline-delimited string.

Rule: For each row, count all the 7s in that row and in the output place exactly that many 7s contiguously at the rightmost positions of the row (zeros elsewhere).",,"For each row, count all the 7s in that row and in the output place exactly that many 7s contiguously at the rightmost positions of the row (zeros elsewhere).",0
2025-08-03T01:46:37,MoveToBoundary,MoveToBoundary3,1,medium,1,,0,"0 0 0 0 0 0 0 0 0 0
0 0 0 0 0 0 0 0 0 0
0 0 0 0 0 0 0 0 0 0
0 0 0 0 0 0 0 2 2 2
0 0 0 0 0 0 0 2 0 2
0 0 0 0 0 0 0 2 2 2
0 0 0 0 0 0 0 0 0 0
0 0 0 0 0 0 0 0 0 0
0 0 0 0 0 0 0 0 0 0
0 0 0 0 0 0 0 0 0 0","**Identifying shape positions**

I'm analyzing the shape positions in a grid. In Input2, there are 2s located at row 4, columns 6 and 7; at row 5, column 6; and a horizontal line of 2s from row 6, columns 1 to 6. This creates an inverted gamma shape. The output shows that this shape has moved right, with the horizontal line now positioned at row 6, columns 3 to 8. However, checking back reveals some nuances in the output for rows 4 and 6.**Analyzing shape movement**

I'm examining a vertical piece that's 2 units long at specific grid positions: in the input, it spans rows 4 and 5 at column 6, and in the output, it appears at column 8. However, I'm noticing that the shapes seem to connect with a corner at (row 6, column 6), with a horizontal leg from column 1 to column 6 on row 6. The shifts indicate that everything has moved right by 2 columns, but I'm puzzled by the inconsistencies in movement noted in different examples.**Clarifying the translation rule**

I'm crafting a rule for translating a grid of 2s. The goal is to shift all 2s horizontally so the rightmost block aligns with the last column while preserving the shape and row positions. I think the final phrasing of the rule should be clearer, something like: ""Shift all 2s horizontally so the shape's rightmost cell touches the last column."" This way, I'm ensuring the rule is unambiguous and the JSON structure is straightforward.

Rule: Shift all 2s horizontally so the shape’s rightmost cell touches the last column, preserving the shape and its rows",,"Shift all 2s horizontally so the shape’s rightmost cell touches the last column, preserving the shape and its rows",0
2025-08-03T01:44:30,MoveToBoundary,MoveToBoundary3,2,medium,1,,0,"0 0 0 0 0 0 0 0 0 0
0 0 0 0 0 0 0 0 0 0
0 0 0 0 0 0 0 0 0 0
0 0 0 0 0 0 0 2 2 2
0 0 0 0 0 0 0 0 0 2
0 0 0 0 0 0 0 2 2 2
0 0 0 0 0 0 0 0 0 0
0 0 0 0 0 0 0 0 0 0
0 0 0 0 0 0 0 0 0 0
0 0 0 0 0 0 0 0 0 0","**Analyzing the shape**

I’m visualizing the ""I"" shape, which has a long horizontal part running from column 1 to column 6 on row 6. Then, there’s a vertical branch at column 6 going up through rows 4, 5, and 6. The points (4,6) and (4,7) are part of row 4. It seems to form an L shape pointing right and down, but it could be a rotated version of a previous shape. There might also be a horizontal bar at the top. Let's clarify that!**Examining shape translation**

Row 4 has squares at columns 6 and 7, forming a T shape. The total cells in example 2 amount to 9 — row 6 has 6 cells, row 5 contributes 1, and row 4 adds 2. The cells with value 2 are positioned at (4,6), (4,7), (5,6), and across row 6. 

The differences in shape size across examples suggest a shift. In example 1, a +3 column shift positions the shape’s rightmost edge at column 9, while example 2 uses +2. So, it seems the goal is to align the rightmost part of the shape to column 9.**Constructing the grid**

I’m putting together a grid string in plain text format, using newlines for each row. The first three rows will all be ""0 0 0 0 0 0 0 0 0 0"", while rows 3, 4, and 5 will contain values of ""2"" in specific positions. The last four rows will repeat the first row. 

For the JSON, the rule is to shift all cells containing ""2"" to the right so that the rightmost cell aligns with the last column. I'll make sure it's in minified format with no unnecessary spaces!

Rule: Translate all 2s horizontally by (last_column_index − current_max_column) so that the shape’s rightmost cell aligns with the grid’s right edge.",,Translate all 2s horizontally by (last_column_index − current_max_column) so that the shape’s rightmost cell aligns with the grid’s right edge.,0
2025-08-03T01:43:58,MoveToBoundary,MoveToBoundary3,3,medium,0,mismatch,0,"0 0 0 0 0 0 0 0 0 0
0 0 0 0 0 0 0 0 0 0
0 0 2 2 2 2 2 2 2 2
0 0 0 0 0 0 0 0 0 0
0 0 0 0 0 0 0 0 0 0
0 0 0 0 0 0 0 0 0 0
0 0 2 2 2 2 2 0 0 0
0 0 0 0 0 0 0 0 0 0
0 0 0 0 0 0 0 0 0 0
0 0 0 0 0 0 0 0 0 0","**Identifying transformation rules**

I’m working on identifying the transformation rule that takes a 10x10 grid input to an output. For example, in the first example, there's a vertical line with a rightward tail, resembling an L shape. In the output, that shape shifts horizontally to the right, moving from column 4 to column 7, which is a translation of +3 columns. So, the rule is to shift the shape horizontally. The second example involves a horizontal line in row 6; I'm curious about its transformation.**Examining horizontal and vertical lines**

In input2, I see row 6 has a horizontal line from columns 1 to 6. Above it, rows 4 and 5 provide vertical elements. This forms an L-shaped figure that could be seen as an elbow. In example 1, the shape is a vertical line of length 4 plus a horizontal tail. In example 2, the shape has a vertical segment at column 6 and a horizontal line from column 1 to 6. Both examples translate the shape horizontally by +3 columns, moving leftmost points accordingly. The overall shape seems to be non-contiguous.**Restating the input shape**

Looking at input2, in row 4, I see horizontal cells at (4,6) and (4,7). Row 5 has a vertical segment at (5,6), while row 6 features a wider horizontal line from (6,1) to (6,6). This forms a T-shape because it intersects at (6,6) with both vertical and horizontal components. Examining example 1, its L-shape seems mirrored by the input2 structure. The output for both examples shows shapes shifted right by different amounts—3 columns for example 1 and 2 columns for example 2, aligning them within the grid.

Rule: shift the entire set of 2s horizontally so that the bounding box of the 2s is flush against the right edge, preserving their row positions",,"shift the entire set of 2s horizontally so that the bounding box of the 2s is flush against the right edge, preserving their row positions",0
2025-08-03T01:49:20,MoveToBoundary,MoveToBoundary4,1,medium,0,parse:non-integer token in row 1,0,0 0 0 0 0 0 0 0 0 0;0 0 0 0 0 0 0 0 0 0;0 0 0 0 0 0 0 0 0 0;0 6 0 0 0 0 0 0 0 0;6 6 0 0 0 0 0 0 0 0;0 6 0 0 0 0 0 0 0 0;6 6 0 0 0 0 0 0 0 0;0 0 0 0 0 0 0 0 0 0;0 0 0 0 0 0 0 0 0 0;0 0 0 0 0 0 0 0 0 0,"**Analyzing the ARC Puzzle**

I'm working on this ARC puzzle involving a 10x10 grid where I need to mark positions of 6's and analyze patterns from given examples. 

For example one, I’ve noted the coordinates of the 6's: in rows 3 to 9. It appears that for each row, all the 6's shift left toward the start, while keeping their horizontal pattern intact. So, in row 5, which had 6's in two positions, the output is the leftmost positions filled with 6's followed by 0's. I’ll delve deeper into this!**Examining the Puzzle Pattern**

I'm trying to understand how the output positions relate to the input positions in this ARC puzzle. It seems like the 6’s in each row don’t preserve their exact horizontal differences when transformed; for example, although input coordinates have certain distances, the outputs shift quite differently. 

In row 8, for instance, 6's move from col2,3,4 to col0,1,2. I'm starting to wonder if it’s about mirroring clusters across a vertical axis defined by their bounding box. I’ll explore this idea more!**Identifying Clusters and Patterns**

I’m examining clusters in the ARC puzzle from the example input. The input has multiple clusters: a vertical group at col7, a horizontal group at row8, and several isolated points.

Through connectivity, I find cluster sizes and try to summarize them. The analysis reveals five main clusters based on connected cells. However, the output seems to modify cluster sizes, with larger clusters formed than in the input. It looks like there’s a rule to shift all 6's left while somewhat preserving their shape. I’ll need to dive deeper into this shifting mechanism!**Analyzing Cluster Mapping**

I’m examining how clusters are mapped in the grid transformation. The outputs have defined clusters with singleton points treated as horizontal and positioned accordingly. 

For instance, vertical clusters take odd columns, while horizontal ones start from col0, aligning neatly in their respective rows. It seems there's a systematic approach to placing clusters based on their orientation and size, which affects their final arrangement. 

The key appears to be keeping track of both horizontal and vertical assignments, ensuring they don’t overlap while adhering to their original shapes. Let's keep exploring this mapping rule further!

Rule: Identify connected components of color 6. Components spanning multiple rows in a single column are vertical clusters: sort these by their original column ascending and assign each to output column 2*j+1 (j=0,1,…), preserving their row positions. All other cells (including horizontal runs and singletons) form horizontal clusters per row: for each row, collect all such cells in the order of their original columns and output them as a contiguous run of the same length starting at column 0.",,"Identify connected components of color 6. Components spanning multiple rows in a single column are vertical clusters: sort these by their original column ascending and assign each to output column 2*j+1 (j=0,1,…), preserving their row positions. All other cells (including horizontal runs and singletons) form horizontal clusters per row: for each row, collect all such cells in the order of their original columns and output them as a contiguous run of the same length starting at column 0.",0
2025-08-03T01:48:24,MoveToBoundary,MoveToBoundary4,2,medium,1,,0,"0 0 0 0 0 0 0 0 0 0
6 6 6 6 0 0 0 0 0 0
0 0 0 6 0 0 0 0 0 0
0 0 0 6 0 0 0 0 0 0
0 0 0 6 0 0 0 0 0 0
0 0 0 6 0 0 0 0 0 0
0 6 6 6 0 0 0 0 0 0
0 0 0 0 0 0 0 0 0 0
0 0 0 0 0 0 0 0 0 0
0 0 0 0 0 0 0 0 0 0","**Checking colored cell counts**

I need to analyze how many colored cells there are in each row and fill the first n columns with that color. There seems to be an inconsistency in the examples, particularly with row 3. The example indicates that the output places a colored pixel in column 1, not column 0 despite the count being 1. I'll double-check rows with single pixels to confirm the expected shifts and ensure the logic is consistently applied across all rows.**Evaluating output positioning**

I'm trying to figure out why some rows start at column 0 and others at column 1. It seems that rows with a count of 1 begin at column 1, while those with a count greater than one start at column 0. For example, row 5 outputs pixels in columns 0 and 1 due to its count of 2, which makes sense. However, for row 9, the pixels appear at column 0 and column 3, which aren't consecutive. I need to examine the patterns more closely to understand how these outputs relate to their input positions.**Analyzing output shapes**

I'm looking at outputs corresponding to each row, noting how they relate to their inputs. For instance, rows 3 to 6 have vertical arrangements that seem to create an L shape, with additional clusters positioned differently. I see that the extra pixels shift position based on their relationship to the main clusters, preserving orientation but not exact distances. It seems like the rows may be compressing to create contiguous figures, possibly aligning to resemble T shapes or other forms. I need to clarify how these clusters combine and adjust in arrangement between input and output.**Translating positions and formatting output**

I’m focusing on relative positions to translate clusters horizontally while maintaining row alignment. I identify original positions and determine new columns based on their offsets. I check for overlaps with existing clusters as I attempt different placements. For cluster B, I find c=1 works without overlaps, allowing me to establish its new locations. Now, I need to format this final grid into a minified JSON structure, ensuring line breaks and spacing align with the output guidelines for clarity.

Rule: Identify all 4-connected components of 6s, sort them by increasing minimum column (ties by minimum row), then in a fresh grid of the same size place each component in that order by translating it horizontally (no rotation or reflection) to the leftmost column where it fits without overlapping previously placed components.",,"Identify all 4-connected components of 6s, sort them by increasing minimum column (ties by minimum row), then in a fresh grid of the same size place each component in that order by translating it horizontally (no rotation or reflection) to the leftmost column where it fits without overlapping previously placed components.",0
2025-08-03T01:45:35,MoveToBoundary,MoveToBoundary4,3,medium,0,mismatch,0,"0 0 0 0 0 0 0 0 0 0
0 0 0 0 0 0 0 0 0 0
0 0 0 0 0 0 0 0 0 0
6 6 6 6 6 6 6 6 6 0
0 0 0 0 0 0 0 0 0 0
0 0 0 0 6 0 0 0 0 0
0 0 0 0 6 0 0 0 0 0
0 0 0 0 6 0 0 0 0 0
0 0 0 0 6 0 0 0 0 0
0 0 0 0 6 0 0 0 0 0","**Analyzing position shapes**

I'm identifying various shapes based on coordinates: a vertical line of length 4 from (3,7) to (6,7), a single at (5,2), a horizontal line of length 3 from (8,2) to (8,4), and two singles at (9,6) and (9,8). The positions (8,8) and (9,8) form a vertical line of length 2. I'm trying to piece together the output with these shapes. There’s a bit of merging happening that doesn't quite match the initial input lengths. Let's clarify that!**Examining row transformations**

I'm noting that row 8 has four 6s, positioned at 2, 3, 4, and 8. In the output, these 6s are bundled into the first four columns. For row 9, the input has 6s at columns 6 and 8, but in the output, they appear at columns 0 and 3. This might mean the distances aren't preserved. I see a potential pattern of counting and moving 6s left in each row, but the output is showing non-contiguous placements. I need to reevaluate the column arrangements next!**Exploring row transformations**

I'm noticing that row 2 has shapes located at columns 3 and 5-7, which, while sharing a row, aren't adjacent. The output forms a 4-length horizontal by collapsing them. It seems they are consolidating each row's 6s into contiguous columns. For instance, in row 3, the output missed placing a single cell at the beginning. The pattern of shifting seems off. Looking more deeply, I wonder if shapes are adjusted relative to the largest vertical shape, reflecting their positions horizontally across a central axis instead. That's definitely a different approach!**Understanding grid transformations**

I'm analyzing how to pack 6s into the leftmost columns of each row, specifically within a width of 4. This width seems to reflect the maximum count of 6s found in any input row. However, I've noticed inconsistencies in how these 6s are mapped; some rows place their values in different columns than expected. Perhaps there's a rule about how row counts and spans affect their positioning. I think it might be simpler to sort columns by the total number of 6s and then assign positions directly, rather than relying on a complex mapping that doesn't always align.**Defining grid transformation rules**

I'm figuring out how to transform the grid based on the positions of 6s. The idea is to compress the pattern so it fills a certain width, specifically reflecting the maximum number of 6s in any row. I’m also noticing there’s a pattern to map these positions, applying rules for both contiguous and singleton 6s. For rows with only one 6, I think the best approach is to center it in the output. I’ll aim to scale horizontally while preserving the vertical alignment. This way, I can create a coherent output that effectively mirrors the input format.

Rule: For each row, linearly remap its 6s so that the leftmost moves to the first column and the rightmost to the column (W–1), where W is the maximum count of 6s in any row; intermediate 6s are placed proportionally along this span, and if a row has only one 6 it goes to the midpoint",,"For each row, linearly remap its 6s so that the leftmost moves to the first column and the rightmost to the column (W–1), where W is the maximum count of 6s in any row; intermediate 6s are placed proportionally along this span, and if a row has only one 6 it goes to the midpoint",0
2025-08-03T01:43:56,MoveToBoundary,MoveToBoundary5,1,medium,0,mismatch,0,"0 0 0 0 0 0 0 0 0 0
0 0 0 0 0 0 0 0 0 0
0 0 0 0 0 0 0 0 0 0
0 0 0 0 0 0 0 0 0 0
0 0 0 0 0 0 0 0 0 0
0 0 0 4 0 0 0 0 0 0
0 0 0 4 0 0 0 0 0 0
0 0 0 4 0 0 0 0 0 0
0 0 0 4 0 0 0 0 0 0
0 0 4 4 4 0 0 0 0 0","**Analyzing the Arc challenge**

I’m looking at a straightforward Arc challenge involving moving shapes to the edge. 

In Example 1, there's a plus-like shape made of 5s, positioned on the left. The vertical line spans from (3,2) to (7,2), with a horizontal line from (5,2) to (5,6), centering at (5,2). The goal is to shift this shape to the right so its bounding box aligns with the edge. This means the vertical column will end up at column 5, and the horizontal part will stretch from columns 5 to 9.**Examining shape movements**

So, for the first example, the shape moves to the right by 3 columns. It starts with the leftmost column at 2 and ends at 6, giving it a width of 5. After the shift, the leftmost column is at 5 and the rightmost at 9 — it's like it's anchored to the right border.

In Example 2, I see a T-shaped arrangement starting at row 1 and spanning columns 5 to 9 horizontally. The vertical part comes down from column 7 to rows 2 through 6, resembling an upside-down T. For the output, the horizontal part shifts down to row 4, and the vertical part drops to rows 5 to 9, moving vertically down by 3, while noting directional alignment based on shape orientation.**Understanding shape movement rules**

The shapes in this challenge seem to move toward the closest border while also considering their orientation. In Example 1, the shape is nearer to the left border, so it moves to the right border. In Example 2, the shape starts closer to the top, prompting a downward shift. 

The rule appears to be about identifying which axis the shape is closer to a border and then moving it to the opposite side of that axis. For symmetric shapes, the default seems to be horizontal, while longer shapes align more with their longer extensions.**Finalizing transformation and output**

I need to determine how the shapes shift based on their bounding box dimensions. If the width is greater than or equal to the height, I move it horizontally. Conversely, if the height is greater, it shifts vertically. For my grid, I'll compute the bounding box, checking available spaces to flush against the closest side. 

Finally, I’ll format the output as a JSON object, ensuring it’s minified and follows the required structure with proper spacing. The rule description and grid representation will be clearly defined.

Rule: Compute the bounding box of the nonzero shape; if its width is >= its height, shift it horizontally toward the side with more empty columns until its bounding box touches that vertical border; otherwise shift it vertically toward the side with more empty rows until its bounding box touches that horizontal border.",,"Compute the bounding box of the nonzero shape; if its width is >= its height, shift it horizontally toward the side with more empty columns until its bounding box touches that vertical border; otherwise shift it vertically toward the side with more empty rows until its bounding box touches that horizontal border.",0
2025-08-03T01:43:40,MoveToBoundary,MoveToBoundary5,2,medium,1,,0,"0 0 0 0 0 0 0 0 0 0
0 0 0 0 0 0 0 0 0 0
0 0 0 0 0 2 0 0 0 0
0 0 0 0 0 2 0 0 0 0
0 0 0 0 0 2 0 0 0 0
2 2 2 2 2 2 0 0 0 0
0 0 0 0 0 2 0 0 0 0
0 0 0 0 0 2 0 0 0 0
0 0 0 0 0 2 0 0 0 0
0 0 0 0 0 0 0 0 0 0","**Analyzing the T-shape orientation**

I’m figuring out the alignment of a T-shape composed of a central stem and horizontal bar. The stem is positioned vertically, extending between rows 2-4 above and rows 6-8 below, with the intersection at (5,7). The left arm stretches across five columns, and I realize the horizontal part only spans left from the center. To adjust its position, I need to slide it left until it touches column 0, making the intersection move to (5,5) and shifting the stem to column 5.**Constructing the grid output**

I'm setting up a 10x10 grid by placing 2s in specific locations to form a T-shape. The bottom row of the T spans from columns 0 to 5, while the stem runs vertically down column 5. I start by initializing 10x10 zeros and then set the values according to the specified rows and columns. Each row’s representation is straightforward, showing either zeros or 2s at defined positions. 

Now, I'm considering how to format the final output properly in JSON, where the grid should be a space-separated string with newline breaks between rows. It's a bit ambiguous regarding the exact requirements, but I’ll mimic previous tasks to ensure it's structured correctly.**Formatting the JSON output**

I’m finalizing the JSON object with the necessary keys and values. The rule is specified, and now I need to ensure the grid is a string representation of its layout, formatted properly. It should be a space-separated string with rows divided by newlines. I'll minify it to avoid extra spaces after colons for a neat and compact structure. With everything correctly arranged, I'm getting ready to present the final output clearly and concisely.

Rule: Identify the colored T‐shaped configuration and translate it along its stem direction until it touches the grid boundary",,Identify the colored T‐shaped configuration and translate it along its stem direction until it touches the grid boundary,0
2025-08-03T01:46:06,MoveToBoundary,MoveToBoundary5,3,medium,0,mismatch,0,"0 0 0 0 0 0 0 0 0 0
8 0 0 0 0 0 0 0 0 0
8 8 8 8 0 0 0 0 0 0
8 0 0 0 0 0 0 0 0 0
0 0 0 0 0 0 0 0 0 0
0 0 0 8 0 0 0 0 0 0
8 8 8 8 0 0 0 0 0 0
0 0 0 8 0 0 0 0 0 0
0 0 0 0 0 0 0 0 0 0
0 0 0 0 0 0 0 0 0 0","**Explaining ARC transformation**

I’m thinking about this ARC transformation involving a plus sign shape. The input grid has a vertical line and a horizontal line of 5's, forming a plus shape. I see it positioned between row 3 to 7 and column 2 at (5,4). When transforming the output, it moves the plus sign right to column 5, effectively shifting the center from column 4 to column 7. The cross pattern of 5's also reflects this shift in the output.**Computing center and examining shapes**

I’m trying to figure out the center of various shapes. In the first example, the center of the plus sign is at (5,4) for the input and (5,7) for the output, showing it shifted right by three columns. Then, in the second example, I have an L-shape made up of 7's. The elbow of this L is at (1,7), where the horizontal line extends from (1,5) to (1,9) and the vertical line runs down from (2-6). The output, however, shows this shape moved down by three rows.**Examining shape movement and pattern**

I’m analyzing the output rows to see how shapes move. In the first example, the L-shape moved down three rows, while the plus shape moved right three columns. I notice that in both cases, the shapes shift consistently across the grid. For the next shape transformation, it seems logical to predict that the third example could move left by three columns. This pattern probably follows a cycle of right, down, left, and up, making it easier to anticipate future movements.**Analyzing shape transformations**

I'm examining a puzzle involving moving shapes within a grid. Based on previous examples, the third transformation should involve shifting left by three units. The test input reveals a 'T' shape that needs to be aligned to the left border, requiring a leftward translation of two. There are two clusters of 8's: one in the upper left and another in the lower right. I plan to move both shapes left to align with the designated borders, ensuring their movements adhere to the established pattern.**Defining movement rule**

I'm determining the movement rule for colored shapes. The instruction is to shift all colored shapes horizontally left until their bounding boxes touch the left border. The provided grid visually represents the shapes' positions. I find it acceptable to phrase the rule this way, without extra keys or markdown, ensuring clarity and simplicity. This direct instruction should serve well in conveying the necessary actions for moving the shapes.

Rule: Shift all colored shapes horizontally left until their bounding boxes touch the left border.",,Shift all colored shapes horizontally left until their bounding boxes touch the left border.,0
2025-08-03T01:47:13,MoveToBoundary,MoveToBoundary6,1,medium,1,,0,"0 0 0 0 0 0
0 0 0 0 0 0
0 0 0 0 0 0
0 0 0 0 0 0
0 0 0 0 0 1
0 0 0 0 0 0","**Determining offsets and positions**

I'm figuring out how to identify the position of a “1” based on its horizontal or vertical alignment with a line of “4s.” For instance, if the line spans horizontally, I determine the position of the “1” relative to its row and column indexes. I then compute its offset based on its distance from the main line. This logic helps me deduce the final output position. It seems like I'm like flipping and calculating accordingly!**Understanding position relationships**

I realize that the “1” always starts adjacent to one end of a line of “4s,” forming a sort of T shape. However, it seems the “1” is actually outside the line by two columns. Each example shows the “1” either at the bottom or left end of the line. It makes sense now: I need to reflect this position across the center of the “4-line.” I should erase everything else and keep only the newly positioned “1.” This gives me a clear transformation rule!**Establishing grid transformation rules**

I’ve analyzed the test input, where the “4”s form a horizontal line, and the “1” is positioned directly below the left end. The perpendicular offset is clear: mirroring the “1” to the opposite end gives me a “1” at the right end of the line. The final output should have most cells as zeros, except for that position. 

As for the JSON format, it seems I need to provide the grid as a string, with spaces between numbers and newline characters separating the rows. It feels complex, but I think I've got a good handle on it!**Formatting the final output**

I need to ensure the grid format matches the input format while complying with how the user expects it in JSON. They want the grid as a minified string without spaces, represented as nested arrays. Given they referenced it in the placeholder, I'll provide both the transformation rule and the grid accordingly.

I’ll make sure to phrase the rule clearly and succinctly, while keeping the JSON format consistent without unnecessary spaces in the arrays. I think I have it ready now!

Rule: Find the line of 4s, determine which end has the 1 attached at perpendicular offset d, then place a 1 at the opposite end with the same offset and clear all other cells",,"Find the line of 4s, determine which end has the 1 attached at perpendicular offset d, then place a 1 at the opposite end with the same offset and clear all other cells",0
2025-08-03T01:43:34,MoveToBoundary,MoveToBoundary6,2,medium,1,,0,"0 1 0 0 0 0
0 0 0 0 0 0
0 0 0 0 0 0
0 0 0 0 0 0
0 0 0 0 0 0
0 0 0 0 0 0","**Examining ARC Problem**

I'm analyzing an ARC problem with 6x6 grids, where each grid has a stripe of 4s. For example, in examples 1, 2, and 4, this stripe is a column in the first column, while in example 3, it’s a row at the top. Each input features one ""1"" adjacent to the stripe, which then appears in the output mirrored opposite the stripe's location. For instance, in example 1, the ""1"" at (5,2) outputs at (0,2). It seems like the position reflects across the center.**Analyzing Reflection Rules**

I’m considering the orientation of the stripe in this ARC problem. When the stripe is vertical, like in columns, I need a horizontal reflection of the ""1."" For example, in examples 1 and 2, ""1"" moves vertically from row 5 to row 0 while keeping the column the same. In contrast, example 3 has a horizontal stripe, so I reflect along the vertical axis, changing the column instead. The general rule seems to be: identify the stripe’s orientation and reflect the ""1"" across the appropriate axis. For the test input, I’d represent the grid content as a string for clarity.**Constructing the JSON Output**

I'm figuring out the format for the grid field. It seems like they want it as a nested array representation, even though they mentioned returning a minified JSON object. I’ll express the grid as a 2D array, like this: [[""0"", ""1"", ""0"", ""0"", ""0"", ""0""], ...]. 

The rule should be clear and straightforward. I think I’ll phrase it as: ""Identify whether the 4s form a vertical or horizontal line; then mirror the 1 across the central axis perpendicular to that line, keeping the other coordinate unchanged."" I'll write that out nicely!

Rule: Identify the orientation of the line of 4s (vertical or horizontal) and mirror the position of the 1 across the central axis perpendicular to that line (flip row if 4s are vertical, flip column if horizontal).",,"Identify the orientation of the line of 4s (vertical or horizontal) and mirror the position of the 1 across the central axis perpendicular to that line (flip row if 4s are vertical, flip column if horizontal).",0
2025-08-03T01:44:04,MoveToBoundary,MoveToBoundary6,3,medium,1,,0,"0 0 0 0 0 0
0 0 0 0 0 0
0 0 0 0 0 9
0 0 0 0 0 0
0 0 0 0 0 0
0 0 0 0 0 0","**Analyzing grid transformation**

I'm examining a transformation of grids based on the examples provided. In the first example, I see that there’s a column of 4s in column 0 across multiple rows, with a single 1 located at (5,2). When transforming to the output grid, this 1 ends up at (0,2), which suggests it's being mapped to the top of the column of 4s. It appears I’m reflecting the 1 across the 4s or shifting it above the ""tower"" of 4s.**Mapping grid transformations**

The 1 is located at (5,2) and moves to (0,2) in the output, reflecting its position relative to a column of 4s. This indicates a mapping to the first row where the 4s are. In the second example, another 1 at (5,5) shifts similarly to (0,5). It seems the general rule involves identifying a line of 4s, either vertical or horizontal, and reflecting the 1 across this line to maintain its position. In the test input, a horizontal line of 6s appears, with a 9 at (2,0).**Reflecting grid positions**

The 9 at (2,0) is being reflected across a line of 6s at row 0. When calculating the reflection, I found that reflecting index 2 across row 0 gives a negative index of -2, which doesn't exist in the grid. So maybe it means the reflection goes out of bounds. In previous examples, the mapping doesn't seem to reflect traditional coordinates. Instead, I realize it maps vertically along the axis. The transformation is more like bouncing off the ""wall"" formed by the 6s or 4s. This helps clarify how the reflections actually map across the grid.**Defining grid transformation rules**

I'm consolidating the rules for transforming the grid based on the examples. I see that when a bar of identical blocks spans either vertically or horizontally, the reflection occurs across this bar. For instance, when the line comprises 6s in row 0, a number located outside this line gets mapped to a new position by reflecting it across the center. For the specific case of the 9 at (2,0), it becomes (2,5) by keeping the row the same and adjusting the column. 

Now, to format the output correctly, I’ll use newlines to represent the grid in the required string format for the final JSON.

Rule: Identify the contiguous line of identical blocks as a mirror axis and reflect the lone off-line block across it. Here the 6s form a horizontal axis at row 0 spanning columns 0–5, so the 9 at (2,0) moves to (2,5) via new_col = 0+5−0, with all other cells set to 0.",,"Identify the contiguous line of identical blocks as a mirror axis and reflect the lone off-line block across it. Here the 6s form a horizontal axis at row 0 spanning columns 0–5, so the 9 at (2,0) moves to (2,5) via new_col = 0+5−0, with all other cells set to 0.",0
2025-08-03T01:44:33,MoveToBoundary,MoveToBoundary7,1,medium,1,,0,"0 0 0 0 0 0 8 8 8 7 7 7 7 7 7 7 0 0 0 0
0 0 0 0 0 0 8 0 8 7 0 0 0 0 0 7 0 0 0 0
0 0 0 0 0 0 8 8 8 7 0 0 0 0 0 7 0 0 0 0
0 0 0 0 0 0 0 0 0 7 0 0 0 0 0 7 0 0 0 0
0 0 0 0 0 0 0 0 0 7 0 0 0 0 0 7 0 0 0 0
0 0 0 0 0 0 0 0 0 7 7 7 7 7 7 7 0 0 0 0","**Clarifying the grid layout**

I’m realizing the border details—there's an outer border from row 1 to 8 and column 11 to 18, with an interior hole at row 2 to 7 and column 12 to 17 that’s 6x6 in size. They inserted a 4x4 ring at the top-left of that hole. Wait, is the ring starting at row 2 and column 8? Oh no, that’s outside the hole! I need to double-check the input dimensions and coordinate details to sort it out.**Analyzing the grid layout**

Let’s count the zeros in the first row input, which has 12 zeros followed by seven twos—so, the twos are from column 12 to 18. Moving to the second row input, I've identified zeros at columns 0 and 1, threes from 2 to 5, then more zeros before twos at columns 12 and 18. This gives a rectangular ring formed by the twos. I think it's 8 rows high and 7 columns wide, as it’s a rectangle, not a square. The ring of threes forms a square, though.**Examining the grid layout for Example 2**

For Example 2, the input shows the first three rows filled with zeros. The fourth row has a small 4 block in columns 4 and 5, and the big ring extends from rows 5 to 12. I'm noticing a discrepancy with where the small square appears; it seems like it has shifted down a couple of rows rather than being inserted into the hole of the big ring. The small shape is still positioned above the hole's interior, not inside it. I need to clarify this arrangement further to ensure that the input and output match and align correctly.**Validating the grid adjustments**

I’m checking the rule and grid dimensions. The translation rule states to move the smaller shape to touch the larger shape's edge, which seems clear. I’ve also ensured the eights are correctly placed in the specified columns and rows while confirming there are no trailing spaces. The adjustments look good so far—the final output appears to accurately reflect the grid setup and changes made. I feel confident that this is correct now!

Rule: Translate the smaller shape toward the larger shape along the axis of minimum separation until their borders touch",,Translate the smaller shape toward the larger shape along the axis of minimum separation until their borders touch,0
2025-08-03T01:44:18,MoveToBoundary,MoveToBoundary7,2,medium,0,mismatch,0,"0 0 0 0 0 0 0 0 0 0 0 0 0 0 0
0 0 0 0 0 0 0 0 0 0 0 0 0 0 0
0 0 0 0 0 0 0 0 0 0 0 0 0 0 0
0 0 0 0 0 0 0 0 0 0 0 0 0 0 0
0 0 5 5 5 5 0 0 0 0 0 0 0 0 0
0 0 5 5 5 5 0 0 0 0 0 0 0 0 0
0 0 5 5 5 5 0 0 0 0 0 0 0 0 0
0 0 5 5 5 5 0 0 0 0 0 0 0 0 0
3 3 3 3 3 3 3 3 3 0 0 0 0 0 0
3 0 0 0 0 0 0 0 3 0 0 0 0 0 0
0 3 0 0 0 0 0 3 0 0 0 0 0 0 0
0 0 3 0 0 0 3 0 0 0 0 0 0 0 0
0 0 0 3 0 3 0 0 0 0 0 0 0 0 0
0 0 0 0 3 0 0 0 0 0 0 0 0 0 0","**Visualizing ring placement**

I see now that the big ring is more like a hollow square, with its borders at specific rows and columns. The small ring's position is distinct; it sits horizontally outside of the big ring’s envelope, just left of the border. However, vertically, it overlaps slightly with the larger shape. So, I need to reposition the small ring to be directly adjacent to the larger one, centered along the y-axis and horizontally touching the midpoint of one side.**Aligning shapes together**

For example two, I see there's a small 2x2 solid block and a larger hollow square ring. The small block is at specific coordinates, and the bigger ring spans multiple rows and columns. So, that small block needs to be moved down to touch the big ring. 

When I check the output, the small block moves down from its original position to rows 3-4, just above the big ring. It’s important to move shapes in a straight line so they maintain their orientation and configuration while touching.**Identifying and moving shapes**

I need to find two colored shapes: one smaller and one larger. The smaller shape will be moved toward the larger one along the axis connecting their centers until their borders touch, keeping their original orientation. 

In this case, I've identified a filled 4x4 square of 5s and a hollow triangle of 3s. The triangle, shaped like an upside-down isosceles triangle, is indeed larger, given its base and height. This means I'll translate the smaller square to be adjacent to the triangle, ensuring they touch without overlapping.**Translating shapes in the grid**

I need to determine how to move a smaller shape toward a larger one based on their bounding box sizes. In this case, the filled square of 5 is smaller than the hollow triangle of 3. 

I’ll translate the smaller shape downward until their borders touch. For this, I calculate the vertical distance needed for them to become adjacent. The final grid will reflect this movement, showing the new position of the smaller shape without affecting the larger one. The output will include the transformation rule and grid in a compact JSON format.**Defining the translation rule**

I need to establish a clear translation rule for the shapes. It should state: ""Translate the smaller colored shape in a straight line toward the larger colored shape until their borders touch, keeping the larger shape fixed."" This captures everything I want to convey while avoiding any issues with formatting, especially with quotes. Let’s finalize this and make sure it's clear and precise for the task at hand.

Rule: Translate the smaller shape along the straight path toward the larger shape until their borders touch, preserving orientation and leaving the larger fixed.",,"Translate the smaller shape along the straight path toward the larger shape until their borders touch, preserving orientation and leaving the larger fixed.",0
2025-08-03T01:45:23,MoveToBoundary,MoveToBoundary7,3,medium,1,,0,"0 0 0 0 0 0 0 0 0 0 0 6 6 6 6 6 6 0 0
0 0 0 0 0 0 0 0 1 1 1 6 0 0 0 0 6 0 0
0 0 0 0 0 0 0 0 1 0 1 6 0 0 0 0 6 0 0
0 0 0 0 0 0 0 0 1 1 1 6 0 0 0 0 6 6 6
0 0 0 0 0 0 0 0 0 0 0 6 0 0 0 0 0 0 6
0 0 0 0 0 0 0 0 0 0 0 6 6 6 6 6 6 6 6
0 0 0 0 0 0 0 0 0 0 0 0 0 0 0 0 0 0 0
0 0 0 0 0 0 0 0 0 0 0 0 0 0 0 0 0 0 0
0 0 0 0 0 0 0 0 0 0 0 0 0 0 0 0 0 0 0
0 0 0 0 0 0 0 0 0 0 0 0 0 0 0 0 0 0 0
0 0 0 0 0 0 0 0 0 0 0 0 0 0 0 0 0 0 0","**Analyzing ARC problem**

I'm diving into this ARC problem, particularly looking at some examples that suggest moving shapes into different quadrants. For the first example, I see dimensions of 10 rows by 19 columns, featuring a 4x4 square with a hollow center colored in a particular way. I'm laying out the coordinates to clarify how this shape forms a border. I realize a 4x4 hollow square is indeed made from specific rows and columns, and there’s a neighboring pattern also needing analysis.**Examining shape placement**

In this problem, the input shows a small shape covering rows 2-5 and columns 2-5. In the output, this small shape shifts to rows 2-5 and columns 8-11, effectively moving horizontally to be placed within a larger frame spanning rows 1-8 and columns 12-18. It appears that the smaller shape, measuring 4 rows tall and wide, is positioned adjacent to the larger shape. The output confirms that this shifts the small shape 6 columns to the right from its original position.**Identifying shapes and borders**

I'm analyzing this pattern where the more significant shape has a hollow frame formed by color 6 spanning several rows and columns. It turns out the shape's borders are inconsistent; the top and bottom have different lengths. The left border is complete, but the right side only appears in the bottom half. While it resembles hollow borders seen in previous examples, it seems to be an irregular shape. I wonder if this irregularity comes from the small shape manipulated or rotated within the larger frame.**Translating shapes in the grid**

I'm hypothesizing that we have a small 3x3 hollow shape in color 1 and a larger hollow shape in color 6, sized 6x8. The smaller shape should shift right to eliminate a gap, moving 5 columns to the right. That means the new position of the small shape will be in columns 8 to 10, while the larger shape stays where it is. I'll adjust the grid accordingly by removing the original small shape positions and focusing on creating the new layout. Finally, I'll summarize the transformation in a concise JSON format.

Rule: Move the smaller shape so it touches the larger shape by shifting it across the empty gap in the row or column that separates them.",,Move the smaller shape so it touches the larger shape by shifting it across the empty gap in the row or column that separates them.,0
2025-08-03T01:44:57,MoveToBoundary,MoveToBoundary8,1,medium,0,mismatch,0,"0 0 0 0 0 0 0 0 0 0 0 0 0 0
0 0 0 0 0 0 0 0 0 0 0 0 0 0
0 0 0 0 0 0 0 0 0 0 0 0 0 0
0 0 0 0 0 0 0 0 0 0 0 0 0 0
0 0 0 0 0 0 0 0 0 0 0 0 0 0
0 0 0 0 0 0 0 0 7 0 0 0 0 0
0 0 0 0 0 0 0 0 0 0 0 0 0 0
0 0 0 0 0 0 0 0 7 0 0 0 0 0
0 0 0 0 0 0 0 0 0 0 0 0 0 0
0 0 0 0 0 0 0 0 7 0 0 0 0 0
0 1 1 1 1 1 1 1 1 1 1 0 0 0
0 0 0 0 0 0 0 0 0 0 0 0 0 0","**Aligning columns and rows**

I’m figuring out how to shift the columns and rows. If I move each right by +4 columns, then the column of 3s stays at col10. I need to adjust the 4s so that they sit just left of the 3 column. The rule is that one object is a line of 3s vertically, and the other is a row of 4s horizontally, and they can't touch. So, I'll be shifting the 4s closer to the 3s until they align properly.**Analyzing patterns and spacing**

I'm trying to understand the arrangement of the colored cells. They are length-3 and separated, maintaining an alternating pattern while preserving spacing. The original 4s at columns 1, 3, and 5 end up positioned at 5, 7, and 9 in the output, keeping that spacing consistent. 

Next, there's an example with a horizontal row of 2s spanning columns 2 to 13 and diagonal 8s with specific placements. The diagonal 8s are oriented at a slope of -1 and need to be moved to be adjacent to the 2 block. I'll revise the example output based on my understanding.**Understanding row and diagonal alignment**

Row 2 remains unchanged with the 2s from columns 2 to 13. In Row 3, I see the 8 at column 9; in Row 5, it's at column 7; and in Row 7, it lands at column 5. I’m analyzing the positions of these 8s, which form a diagonal that slopes downwards to the right. This diagonal has now shifted to be directly below the row of 2s. The key is that the topmost 8 is now directly below the center of the 2s row, maintaining that diagonal pattern.**Aligning shapes to fit the bar**

The small shape with 7s is positioned vertically at column 8, while the horizontal bar of 1s is located at row 10 from columns 1 to 11. My task is to move the vertical 7 shape until its bottommost cell touches the bar. This means shifting it down so that the 7 at row 4 moves to row 9. I’ll ensure the spacing between the 7s remains consistent as I adjust their positions. Finally, I’ll create a new grid, replacing the original positions of 7s with zeros and placing them correctly.**Generating final grid and JSON**

I’m constructing the final grid representation based on the adjustments made. The grid elements should reflect the values after moving the vertical shape of 7s downward to touch the bar of 1s. I'll add the specified rule in a concise manner that clearly describes the transformation.

For the JSON output, I realize it must be minified without spaces, and the grid needs to be formatted as a string with appropriate newline characters. Once that's done, I can finalize the JSON structure with the rule and grid ready for the user.

Rule: Translate the vertical pattern of 7s downward until its bottommost cell is adjacent to the horizontal bar of 1s, preserving its orientation and spacing.",,"Translate the vertical pattern of 7s downward until its bottommost cell is adjacent to the horizontal bar of 1s, preserving its orientation and spacing.",0
2025-08-03T01:46:38,MoveToBoundary,MoveToBoundary8,2,medium,1,,0,"0 0 0 0 0 0 0 0 0 0 0 0 0 9 0 0
0 0 0 0 0 0 0 0 0 0 0 0 0 9 0 0
0 0 0 0 0 0 0 0 0 0 0 0 0 9 0 0
0 0 0 0 0 0 0 0 3 0 3 0 3 9 0 0
0 0 0 0 0 0 0 0 0 0 0 0 0 0 0 0
0 0 0 0 0 0 0 0 0 0 0 0 0 0 0 0","**Analyzing positional shifts**

I'm noticing that the input positions were mainly below row 2, specifically at rows 8, 10, and 12. They've moved upward, but not in a linear way. It seems like they shifted so that a diagonal intersects the line at row 2, which remains unchanged. I wonder if we could slide the diagonal of 8s to be just one cell away from the line of 2s. The closest 8 to this line appears at row 3, right below row 2, which makes it the first possible 8 adjacent to the line.**Examining the translation of 8's diagonal**

I see that three output 8's form a diagonal, with the highest point touching row 3. They keep the same diagonal orientation and spacing, moving upward until the first 8 is just below the 2s line. The diagonal originally starts at row 8 and shifts up five rows to row 3. Horizontally, it slides right to touch the line, with the highest 8 moving from column 4 in input to column 9 in output. The overall translation is -5 rows and +5 columns. I wonder why the top 8 ends up at column 9 instead of 13.**Exploring diagonal positioning**

I’m considering the positioning of the 8 diagonal. Could it be intended to intersect the midpoint of the 2 line? Alternatively, maybe it's sliding up to ensure the top 8 is adjacent to the 2 line. At (row 3, col 9), the top 8 is directly below a 2 at (row 2, col 9). This means it's placed adjacent to the closest 2, but I'm curious why it’s at col 9 instead of closer to the center of the 2 line at col 7. 

I think this diagonal pattern is adjusted until it touches the line without overlapping, following a consistent translation vector. In essence, I should detect the largest pattern, identify the smaller pattern, and compute a translation vector that nudges the smaller pattern close to the larger one while retaining the position.**Sliding small patterns**

In the first example, the small pattern is horizontal, moving along its orientation vertically. In the second example, the small pattern has a diagonal slope of -1, moving diagonally up-right. I determine the movement direction by projecting the distance between the patterns using normalized vectors. For both examples, the rule is to slide the smaller shape along its orientation direction until it touches the larger pattern. 

Now, I'm analyzing the new input data based on a grid with 6 rows and 16 columns, identifying small and large patterns to translate appropriately while maintaining the correct structure.

Rule: Translate the smaller 3‐cell pattern rigidly along its orientation toward the longer line until its cells become adjacent to it.",,Translate the smaller 3‐cell pattern rigidly along its orientation toward the longer line until its cells become adjacent to it.,0
2025-08-03T01:46:17,MoveToBoundary,MoveToBoundary8,3,medium,1,,0,"5 0 0 0 0 0 0 0 0 0 0 0 0
5 0 0 0 0 0 0 0 0 0 0 0 0
5 4 0 0 0 0 0 0 0 0 0 0 0
5 0 0 0 0 0 0 0 0 0 0 0 0
5 0 0 4 0 0 0 0 0 0 0 0 0
0 0 0 0 0 0 0 0 0 0 0 0 0
0 0 0 0 0 4 0 0 0 0 0 0 0
0 0 0 0 0 0 0 0 0 0 0 0 0
0 0 0 0 0 0 0 0 0 0 0 0 0
0 0 0 0 0 0 0 0 0 0 0 0 0
0 0 0 0 0 0 0 0 0 0 0 0 0
0 0 0 0 0 0 0 0 0 0 0 0 0
0 0 0 0 0 0 0 0 0 0 0 0 0
0 0 0 0 0 0 0 0 0 0 0 0 0","**Analyzing coordinates**

I’m trying to figure out where row3 col9 is located. It’s just below the line in the horizontal projection but not directly adjacent. Instead, it’s adjacent vertically from row2 to row3, which means it's preserving its horizontal offset but scaled vertically. Looking closely, row3 col9 is right below the position in row2 col9, and the original position maps from col4 to col9, indicating a shift. Plotting three 8's forms a diagonal line with a slope of -1.**Examining shape alignment**

The shapes form a diagonal slope of -1 connecting certain rows and columns, which suggests they’ve moved to a new location, positioned just above the line of 2's. The idea seems to be to align the colored shape adjacent to it while keeping its orientation intact. In example1, the 4's form a horizontal line positioned relative to the vertical line of 3's. In example2, the diagonal of 8's shifts to align just below the horizontal line of 2's and maintains its orientation. The closest part of the diagonal touches adjacent positions, while the shift occurs in the direction perpendicular to the line's orientation.**Exploring shape movements**

I'm analyzing how the shapes move in the examples. In example1, they shift horizontally, while in example2, the 8-shape moves diagonally. I see the position change involves constant vectors that correspond to the shifts. Here, the center of mass plays a key role in mapping movements relative to lines. It seems like the shift aligns bounding boxes and positioning without overlap while perhaps following a vague rule about orientation. That could be why they moved diagonally instead of strictly vertically or horizontally. The exact logic behind the diagonal shift is puzzling.**Analyzing shape adjacency**

I’m figuring out how to move shapes into adjacent positions relative to the line. In example1, I see that the 4's are moved from the left of a vertical line to the right, while in example2, the 8's are placed below a horizontal line instead of above it, which is puzzling. It seems they must avoid overlap while shifting towards the line. I think they move along the direction of the shape's own orientation until they touch the line. However, it’s not always the minimal shift. This intricate method has me wondering about the logic behind their positioning choices.

Rule: Slide the shorter straight‐line shape along its own orientation one cell at a time until one of its cells becomes orthogonally adjacent to the longer straight‐line shape, then stop.",,"Slide the shorter straight‐line shape along its own orientation one cell at a time until one of its cells becomes orthogonally adjacent to the longer straight‐line shape, then stop.",0
2025-08-03T01:45:12,MoveToBoundary,MoveToBoundary9,1,medium,1,,0,"0 0 0 0 0 0 0 0 0 0 0 0 0 0 0 0
0 0 0 0 0 0 0 0 0 0 0 0 0 0 0 0
0 0 0 0 0 0 0 0 0 0 0 0 0 0 0 0
0 0 0 0 0 0 0 0 0 0 0 0 0 0 0 0
4 4 4 4 0 0 0 0 0 0 0 0 6 6 6 6
4 4 4 4 0 0 0 0 0 0 0 0 6 6 6 6
4 4 4 4 0 0 0 0 0 0 0 0 6 6 6 6
0 0 0 0 0 0 0 0 0 0 0 0 6 6 6 6
0 0 0 0 0 0 0 0 0 0 0 0 0 0 0 0
0 0 0 0 0 0 0 0 0 0 0 0 0 0 0 0
0 0 0 0 0 0 0 0 0 0 0 0 0 0 0 0
0 0 0 0 0 0 0 0 0 0 0 0 0 0 0 0","**Analyzing block positioning**

I’m focused on how to color a block spanning columns 8 to 10 while keeping rows 3 to 5 intact. They might be centered in the input, but they actually stay in those same rows. I need to shift them to the edges, with the left block against the left border and the right block against the right one, leaving a four-column empty space in between. In the next example, I see a pattern involving three colored items. Let’s take a closer look at the input.**Examining grid patterns**

I’m analyzing the input grid, specifically focusing on rows filled with zeros and patterns of the numbers 3 and 4. The arrangement shows that the 3's and 4's moved horizontally away from the center. For instance, in row 1, the 3's are in columns 2, 4, and 6, while the 4's occupy 10, 12, and 14. This creates a repeating pattern of 3’s separated by zeros. Each row has a similar pattern, ensuring consistency across them. Now, let's confirm the details in the input.**Clarifying grid details**

I see that the input grid contains 12 rows, counting from row 0 to row 11. The columns in row 4 total 16 elements, making the grid 12x16. I'm identifying two color regions: a 3x4 block of 4's from rows 4 to 6 and a 4x4 block of 6's from rows 4 to 7. I need to shift the 4 block to the left edge and the 6 block to the right edge while keeping their vertical positions intact. Finally, I’ll create the output grid accordingly, marking the appropriate cells.**Constructing the final grid**

I’m setting up the grid to include 12 rows. Rows 4 to 6 will each have the 4's from columns 0 to 3, while row 7 will have 6's covering columns 12 to 15. The other rows will consist of zeros. I must ensure the JSON object is minified correctly, with the grid string formatted to include newline characters as part of the value. The final output will reflect the correct placement and formatting of both blocks, so I’ll prepare that JSON now!

Rule: Shift the left color region to touch the left border and the right color region to touch the right border, preserving their shapes and vertical positions.",,"Shift the left color region to touch the left border and the right color region to touch the right border, preserving their shapes and vertical positions.",0
2025-08-03T01:46:39,MoveToBoundary,MoveToBoundary9,2,medium,1,,0,"0 0 0 0 0 0 0 0 0 0 0 0 0 0
0 0 0 0 0 0 0 0 0 0 0 0 0 0
0 0 0 0 0 0 0 0 0 0 0 0 0 0
5 0 0 0 0 0 0 0 0 0 0 0 0 5
5 0 0 0 0 0 0 0 0 0 0 0 0 5
5 5 5 5 0 0 0 0 0 0 5 5 5 5
5 0 0 0 0 0 0 0 0 0 0 0 0 5
5 0 0 0 0 0 0 0 0 0 0 0 0 5
0 0 0 0 0 0 0 0 0 0 0 0 0 0
0 0 0 0 0 0 0 0 0 0 0 0 0 0
0 0 0 0 0 0 0 0 0 0 0 0 0 0","**Refining bounding box adjustments**

I’m considering how to slide the bounding box based on its proximity to the edges. For instance, if the box’s center is nearer to the left border, it would slide to the left; if it’s closer to the right, it goes that way. Using examples, a block centered at column 3 moves to column 0, while one at column 7 moves to column 10. In a test grid that's 14 columns wide and 11 rows deep, only color 5 is present.**Analyzing cluster connections**

In the test grid, it seems there’s only one color—5—yet I notice two clusters. Upon inspection, the shape has a plus formation and appears symmetric. Rows 0 to 2 are zeros, while rows 3 and 4 show clusters at columns 2 and 10. Row 5 features a continuous segment from columns 2 to 5 and again from 7 to 10, separated by a gap at column 6. So, I see two symmetrical clusters of color 5, which might be treated separately despite being the same color. I’ll slide the left cluster to the left border and the right one to the right.**Deciding on cluster movements**

I'm considering treating each of the two clusters as separate objects, each sliding toward the nearest border. They appear as symmetric shapes of the same color, so I identify the two clusters and their connected components. The left cluster will move to the left border while the right cluster moves to the right border. I find the bounding box for each and determine how much to shift them. After computing the new positions, I can construct the output grid, ensuring only the clusters retain values. I’ll double-check against previous examples to confirm this approach fits.**Preparing JSON output**

I'm seeing that I need to treat each block of the same color separately, identifying contiguous regions and sliding each towards its nearest edge. This is consistent with the previous examples. For the final output, I’ll write a minified JSON format that includes a transformation rule and the grid structure. The grid needs to be a string with lines separated by escaped newline characters. I’ll construct the final grid carefully to ensure accuracy, ensuring all row counts and values match the requirements. Finally, I’ll put everything into the JSON format correctly.

Rule: Identify each connected component of non-zero cells and translate it horizontally until its bounding box touches the nearest vertical border, preserving its shape and row positions.",,"Identify each connected component of non-zero cells and translate it horizontally until its bounding box touches the nearest vertical border, preserving its shape and row positions.",0
2025-08-03T01:47:39,MoveToBoundary,MoveToBoundary9,3,medium,1,,0,"0 0 0 0 0 0 0 0 0 0 0 0 0 0 0 0 0 0 0 0
7 7 7 7 7 0 0 0 0 0 0 0 0 3 0 3 0 3 0 3
7 7 7 7 7 0 0 0 0 0 0 0 0 0 0 0 0 0 0 0
7 7 7 7 7 0 0 0 0 0 0 0 0 3 0 0 0 0 0 3
7 7 7 7 7 0 0 0 0 0 0 0 0 0 0 0 0 0 0 0
0 0 0 0 0 0 0 0 0 0 0 0 0 3 0 3 0 3 0 3","**Evaluating block placement**

I'm considering how to separate blocks by shifting them horizontally away from the center to maximize their spacing. The initial positioning had them centered, with specific blocks placed in columns that correspond to their distance from the midpoint of the grid. For example, the arrangement has 7 rows and 19 columns, and in odd rows (1, 3, 5), patterns of colors emerge. The left half (3s in columns 2, 4, 6) moves left, while the right half (4s in columns 10, 12, 14) shifts right.**Analyzing output positions**

In output row 1, the 3's are at columns 0, 2, and 4, which means the left block has shifted left by 2. The 4's moved from columns 10, 12, and 14 to positions 14, 16, and 18. For row 3, the original 3's at columns 2 and 6 are now at columns 0 and 4. The 4's were initially at columns 10 and 14, confirming their placements in the output. So, to summarize, the 3's are at columns 0 and 4, while the 4's are at 10 and 14.**Mapping output positions**

I’m mapping out output row 3, where I noted the positions: the 4's are at columns 14 and 18, shifting positively by 4. Initially, they were at 10 and 14, explaining their movement. Meanwhile, the 3's shift negatively by 2, moving from 2 to 0 and 4 to 2. I realize now that I should generalize my approach: for each color group, I want to shift them horizontally so they align snugly against their nearest border. I also need to consider groups of connected colors independently for accurate adjustments.**Constructing JSON output**

I need to return a JSON object that includes the transformation rule and the final grid formatted as a string. The rule will be: ""Sort non-zero colors by horizontal position; push the leftmost color to the left border and the rightmost to the right border while maintaining the pattern.""

I’m outlining the final grid clearly, noting the arrangement of values in each row. After confirming the positions, I’ll ensure the rows are represented properly with spaces between numbers. This will give me a neat output that satisfies the requirements.

Rule: Sort the two non‐zero colors by their horizontal position; translate the leftmost color so its leftmost pixel aligns with column 0, and the rightmost color so its rightmost pixel aligns with the last column, preserving each shape’s vertical placement.",,"Sort the two non‐zero colors by their horizontal position; translate the leftmost color so its leftmost pixel aligns with column 0, and the rightmost color so its rightmost pixel aligns with the last column, preserving each shape’s vertical placement.",0
