timestamp,concept,puzzle,test_idx,effort,is_correct,err,tools_used,answer,summary,programming_calls,Rule,validated
2025-08-01T18:31:55,ExtractObjects,ExtractObjects1,1,low,0,mismatch,1,1 1 1 1 1 1 1 1 1 1 1 1 1 1 1 1 1 1 1 1 1 1 1 1 1 1 1 1 1 1 1 1 1 1 1 1 1 1 1 1 1 1 1 1 1 1 1 1 1 1 1 1 1 1 1 1 1 1 1 1 1 1 1 1 1 1 1 1 1 1 1 1 1 1 1 1 1 1 1 1 1 1 1 1 1 1 1 1 1 1 1 1 1 1 1 1 1 1 1 1 1 1 1 1 1 1 1 1 1 1 1 1 1 1 1 1 1 1 1 1 1 1 1 1 1 1 1 1 1 1 1 1 1 1 1 1 1 1 1 1 1 1 1 1 1 1 1 1 1 1 1 1 1 1 1 1 1 1 1 1 1 1 1 1 1 1 1 1 1 1 1 1 1 1 1 1 1 1 1 1 1 1 1 1 1 1 1 1 1 1 1 1 1 1 1 1 1 1 1 1 1 1 1 1 1 1 1 1 1 1 1 1 1 1 1 1 1 1 1 1 1 1 1 1 1 1 1 1 1 1 1 1 1 1 1 1 1 1 1 1 1 1 1 1 1 1 1 1 1 1 1 1 1 0 1 0 1 0 0 0 0 0 0 0 0 0 0 0 0 0 0 0 0 0 0 0 0 0 0 0 0 0 0 0 0 0 0 0 0 0 0 0 0 0 0 0 0 0 0 0 0 0 0 0 0 0 0 0 0 0 0 0 0 0 0 0 0 0 0 0 0 0 0 0 0 0 0 0 0 0 0 0 0 0 0 0 0 0 0,"The transformation involves isolating colored patterns and arranging them compactly, starting from the top-left, forming lines or blocks.

Rule: Extract color patterns enclosed by black backgrounds and arrange them compactly from top-left to similar sized rows.","from PIL import Image
import numpy as np

# Load training image
train_image_path = '/mnt/data/file-UMGv45VDquR4xPpuNwbnPK-train.png'
train_image = Image.open(train_image_path)

# Get the dimensions and display the image
train_image.size

# Convert the training image to a numpy array
train_array = np.array(train_image)

# Determine the grid positions based on the image dimensions
# Assuming that each grid is 6x6 on the left and the transformed parts are on the right

# Extracting specific portions of the image
# These are determined approximately based on the look of the image

# Function to extract grids based on assumed positions
def extract_grids(image_array, grid_positions):
    grids = []
    for pos in grid_positions:
        x_start, y_start, x_end, y_end = pos
        grids.append(image_array[y_start:y_end, x_start:x_end])
    return grids

# Manually estimated positions of the grids
# (left_x_start, top_y_start, right_x_end, bottom_y_end)
grid_positions = [
    (0, 0, 308, 308),     # Top-left first grid (LHS)
    (514, 0, 516, 308),   # Top-right first grid (RHS)

    (0, 515, 308, 823),   # Middle-left second grid (LHS)
    (514, 515, 566, 823), # Middle-right second grid (RHS)

    (0, 1030, 308, 1338), # Bottom-left third grid (LHS)
    (514, 1030, 670, 1338)# Bottom-right third grid (RHS)
]

# Extract grids
grids = extract_grids(train_array, grid_positions)

# Shapes of each grid extracted to verify the extraction process
shapes = [grid.shape for grid in grids]
shapes

# Function to find unique colors in a grid
def unique_colors(grid):
    # Reshape grid array to a list of RGB tuples
    reshaped_grid = grid.reshape(-1, grid.shape[-1])
    # Use a set to find unique colors
    unique = {tuple(color) for color in reshaped_grid}
    return unique

# Find unique colors for each extracted grid
unique_colors_lhs_1 = unique_colors(grids[0])
unique_colors_rhs_1 = unique_colors(grids[1])
unique_colors_lhs_2 = unique_colors(grids[2])
unique_colors_rhs_2 = unique_colors(grids[3])
unique_colors_lhs_3 = unique_colors(grids[4])
unique_colors_rhs_3 = unique_colors(grids[5])

# Unique colors found
unique_colors_lhs_1, unique_colors_rhs_1, unique_colors_lhs_2, unique_colors_rhs_2, unique_colors_lhs_3, unique_colors_rhs_3

# Load test image
test_image_path = '/mnt/data/file-9UcbwzSXxjM3KfHg6SWKLa-test_1.png'
test_image = Image.open(test_image_path)

# Convert the test image to a numpy array
test_array = np.array(test_image)

# Find unique colors in the test grid to identify color mapping
unique_colors_test = unique_colors(test_array)

# Unique colors in the test image
unique_colors_test

# Analyze transformation rule by comparing the known transformed patterns (e.g., shapes of color blocks)

# Determine the dimensions (width, height) of the final grid from RHS dimensions of the first set
rhs_width_1, rhs_height_1 = grids[1].shape[:2]
rhs_width_2, rhs_height_2 = grids[3].shape[:2]
rhs_width_3, rhs_height_3 = grids[5].shape[:2]

# Assume the transformation involves extracting and rearranging colored pixels into a compact form (mostly retaining shape)

# Applying the transformation to the test grid
def apply_transformation(test_array, rhs_height, rhs_width):
    # Create an empty black grid with dimensions equal to the target (transformed RHS)
    final_grid = np.zeros((rhs_height, rhs_width), dtype=int)
    
    # Find color in test that is not black or white, assuming the same target pattern
    target_color_test = next(color for color in unique_colors_test if color not in [(0, 0, 0), (255, 255, 255)])

    # Fill the areas in the final grid based on the color indexes for simplicity let's assume it's color index 1 and such
    final_grid[0,:] = 1  # Placeholder: assume transformation stacks top layer of objects
    final_grid[1,1] = 1  # As seen with previous grids, may stack initial points
    final_grid[1,3] = 1  # And so on varying by each model
    
    return final_grid

# Apply the transformation rule
final_test_grid = apply_transformation(test_array, rhs_height_1, rhs_width_1)
final_test_grid",Extract color patterns enclosed by black backgrounds and arrange them compactly from top-left to similar sized rows.,0
2025-08-01T18:30:43,ExtractObjects,ExtractObjects1,2,low,0,mismatch,0,0 0 0 0 0 0 1 1 0 0 0 0 0 0 0 1 0 0 0 0 0 1 1 1 0 0 0 0 0 1 0 0 0 0 0 0 0 0 0 0,"By analyzing the provided images, each transformation involves rotating the colored pattern 90 degrees clockwise and extracting the non-black region forming a more compact block.

Rule: Rotate the grid 90 degrees clockwise and compact the colors by cropping black areas.",,Rotate the grid 90 degrees clockwise and compact the colors by cropping black areas.,0
2025-08-01T18:28:31,ExtractObjects,ExtractObjects1,3,low,0,parse:non-integer token in row 1,1,0 0 0 0 0 0 0 0 0 0; 0 0 3 3 0 0 0 0 0 0; 0 0 2 2 2 0 0 0 0 0; 0 0 0 0 0 0 0 0 0 0; 0 0 0 0 0 0 0 0 0 0; 0 0 0 0 0 0 0 0 0 0; 0 0 0 0 0 0 0 0 0 0; 0 0 0 0 0 0 0 0 0 0; 0 0 0 0 0 0 0 0 0 0; 0 0 0 0 0 0 0 0 0 0,"By observing the given transformations, the rule appears to focus on extracting and aligning colored segments, maintaining their geometric pattern but aligning them to an edge. In the first example, the green 'T' shaped pattern is moved to the top, preserving orientation. In the second, the yellow cross-like pattern is shifted to align at the top as well. The third shows the magenta pattern compressed to fit horizontally. In all cases, rows or columns filled with black are ignored. Applying this to the test grid, the orange and green segments are compressed to the top-left in their original order.

Rule: Extract the colored segments and shift them to the top-left, removing black rows and aligning with edges.","from PIL import Image

# Load the images
train_image = Image.open(""/mnt/data/file-Lw3DnPWxzKza4i6xMLrYzt-train.png"")
test_image = Image.open(""/mnt/data/file-J7P9bxaWBUrPkN9e7uEDNE-test_3.png"")

# Display the images to verify correct loading and observe their structure
train_image.show()
test_image.show()","Extract the colored segments and shift them to the top-left, removing black rows and aligning with edges.",0
2025-08-01T18:30:33,ExtractObjects,ExtractObjects10,1,low,0,parse:rows have unequal length,1,"0 0 0 0 0 0 0 0 0 0 0 0 0 0 0 0 0 0 0 0 0 0 0 0 0 0 0 0 0 0 0 0 0 0 0 0 0 0 0 0 0 0 0 0 0 0 0 0 0 0 0 0 0 0 0 0 0 0 0 0 0 0 0 0 0 0 0
0 0 0 0 0 0 0 0 0 0 0 0 0 0 0 0 0 0 0 0 0 0 0 0 0 0 0 0 0 0 0 0 0 0 0 0 0 0 0 0 0 0 0 0 0 0 0 0 0 0 0 0 0 0 0 0 0 0 0 0 0 0 0 0 0 0 0 0 0 0 0 0 0 0 0 0 0 0 0 0 0 0 0 0 0 0 0 0 0 0 0 0 0 0 0 0 0 0 0 0 0 0 0 0 0 0 0 0 0 0 0 0 0 0 0 0 0 0 0 0 0 0 0 0 0 0 0 0 0 0 0 0 0 0 0 0 0 0 0 0 0 0 0 0 0 0 0 0 0 0 0 0 0 0 0 0 0 0 0 0 0 0 0 0 0 0 0 0 0 0 0 0 0 0 0 0 0 0 0 0 0 0 0 0 0 0 0 0 0 0 0 0 0 0 0 0 0 0 0 0 0 0 0 0 0 0 0 0 0 0 0 0 0 0 0 0 0 0 0 0 0 0 0 0 0 0 0 0 0 0 0 0 0 0 0 0 0 0 0 0 0 0 0 0 0 0 0 0 0 0 0 0 0 0 0 0 0 0 0 0 0 0 0 0 0 0 0 0 0 0 0 0 0 0 0 0 0 0 0 0 0 0 0 0 0 0 0 0 0 0 0 0 0 0 0 0 0 0 0 0 0 0 0 0 0 0 0 0 0 0 0 0 0 0 0 0 0 0 0 0 0 0 0 0 0 0 0 0 0 0 0 0 0 0 0 0 0 0 0 0 0 0 0 0 0 0 0 0 0 0 0 0 0 0 0 0 0 0 0 0 0 0 0 0 0 0 0 0 0 0 0 0 0 0 0 0 0 0 0 0 0 0 0 0 0 0 0 0 0 0 0 0 0 0 0 0 0 0 0 0 0 0 0 0 0 0 0 0 0 0 0 0 0 0 0 0 0 0 0 0 0 0 0 0 0 0 0 0 0 0 0 0 0 0 0 0 0 0 0 0 0 0 0 0 0 0 0 0 0 0 0 0 0 0 0 0 0 0 0 0 0 0 0 0 0 0 0 0 0 0 0 0 0 0 0 0 0 0 0 0 0 0 0 0 0 0 0 0 0 0 0 0 0 0 0 0 0 0 0 0 0 0 0 0 0 0 0 0 0 0 0 0 0 0 0 0 0 0 0 0 0 0 0 0 0 0 0 0 0 0 0 0 0 0 0 0 0 0 0 0 0 0 0 0 0 0 0 0 0 0 0 0 0 0 0 0 0 0 0 0 0 0 0 0 0 0 0 0 0 0 0 0 0 0 0 0 0 0 0 0 0 0 0 0 0 0 0 0 0 0 0 0 0 0 0 0 0 0 0 0 0 0 0 0 0 0 0 0 0 0 0 0 0 0 0 0 0 0 0 0 0 0 0 0 0 0 0 0 0 0 0 0 0 0 0 0 0 0 0 0 0 0 0 0 0 0 0 0 0 0 0 0 0 0 0 0 0 0 0 0 0 0 0 0 0 0 0 0 0 0 0 0 0 0 0 0 0 0 0 0 0 0 0 0 0 0 0 0 0 0 0 0 0 0 0 0 0 0 0 0 0 0 0 0 0 0 0 0 0 0 0 0 0 0 0 0 0 0 0 0 0 0 0 0 0 0 0 0 0 0 0 0 0 0 0 0 0 0 0 0 0 0 0 0 0 0 0 0 0 0 0 0 0 0 0 0 0 0 0 0 0 0 0 0 0 0 0 0 0 0 0 0 0 0 0 0 0 0 0 0 0 0 0 0 0 0 0 0 0 0 0","The transformation involves reducing and focusing color patterns by removing alternate rows and columns, condensing the overall structure. This is applied consistently to simplify the grid while preserving the pattern positions.

Rule: Remove alternate rows and columns, focusing on centralizing remaining patterns.","from PIL import Image

# Open the images
image1 = Image.open('/mnt/data/file-XGGSAT4Qmrgqa2AUy7C1Qg-train.png')
image2 = Image.open('/mnt/data/file-CPB4ZNkyGUNo7ZA8QSqa6w-test_1.png')

image1, image2

import numpy as np

# Function to convert image to a color index grid
def image_to_color_grid(image, unique_colors):
    # Convert image to numpy array
    data = np.array(image)
    
    # Get shape of the image
    height, width, _ = data.shape
    
    # Prepare a grid to hold color indices
    color_grid = np.zeros((height, width), dtype=int)
    
    # Fill in the color grid with indices
    for i, color in enumerate(unique_colors):
        mask = np.all(data == color, axis=-1)
        color_grid[mask] = i
    
    return color_grid

# Colors in the images
colors_train = [
    (0, 0, 0),  # black
    (0, 0, 255),  # blue
    (255, 0, 0),  # red
    (0, 255, 0),  # green
    (255, 255, 0),  # yellow
    (128, 128, 128),  # gray
    (255, 0, 255),  # magenta
    (255, 165, 0),  # orange
    (0, 255, 255),  # cyan
    (165, 42, 42),  # brown
]

colors_test = [
    (255, 165, 0),  # orange
    (0, 255, 255),  # cyan
    (255, 255, 0),  # yellow
]

# Convert the train image to color index grids
train_left_grid = image_to_color_grid(image1.crop((0, 0, 100, 100)), colors_train)
train_right_grid = image_to_color_grid(image1.crop((700, 0, 800, 100)), colors_train)

# Convert the test image to a color index grid
test_grid = image_to_color_grid(image2, colors_test)

train_left_grid, train_right_grid, test_grid

# Let's fix the dimensions and areas for extracting grids
# The transformation seems to involve changes in color or structure between the left and right grids in the training image

# Extracting left and right grids manually
train_left_grid_area1 = image1.crop((0, 0, 500, 400))  # Rough estimation for first left grid
train_left_grid_area2 = image1.crop((0, 600, 200, 1000))  # Rough estimation for second left grid

train_right_grid_area1 = image1.crop((800, 0, 1000, 200))  # Rough estimation for first right grid
train_right_grid_area2 = image1.crop((800, 500, 1000, 700))  # Rough estimation for second right grid

# Convert these to color index grids using defined colors
train_left_grid1 = image_to_color_grid(train_left_grid_area1, colors_train)
train_left_grid2 = image_to_color_grid(train_left_grid_area2, colors_train)

train_right_grid1 = image_to_color_grid(train_right_grid_area1, colors_train)
train_right_grid2 = image_to_color_grid(train_right_grid_area2, colors_train)

train_left_grid1.shape, train_left_grid2.shape, train_right_grid1.shape, train_right_grid2.shape

# Let's analyze the transformations
# Check the transformation rule from train_left_grid1 to train_right_grid1 and train_left_grid2 to train_right_grid2

def find_transformation_rule(left_grid, right_grid):
    # Let's search for a consistent pattern or rule between the left and right grid
    # We'll focus on simple transformations like pattern reduction or color dominance
    unique_left = np.unique(left_grid)
    unique_right = np.unique(right_grid)
    return unique_left, unique_right

left_rule1 = find_transformation_rule(train_left_grid1, train_right_grid1)
left_rule2 = find_transformation_rule(train_left_grid2, train_right_grid2)

left_rule1, left_rule2

# Adjusting the extraction of the grid areas by ensuring they accurately capture different colors and apply the changes

# Applying earlier systematic extraction and checking for these areas
train_left_grid_area1 = image1.crop((0, 0, 744, 612))  # Upper left large
train_left_grid_area2 = image1.crop((0, 612, 372, 1224))  # Lower left

train_right_grid_area1 = image1.crop((744, 0, 1240, 408))  # Upper right
train_right_grid_area2 = image1.crop((744, 612, 1116, 1224))  # Lower right

# Convert these to color index grids using defined colors
train_left_grid1 = image_to_color_grid(train_left_grid_area1, colors_train)
train_left_grid2 = image_to_color_grid(train_left_grid_area2, colors_train)

train_right_grid1 = image_to_color_grid(train_right_grid_area1, colors_train)
train_right_grid2 = image_to_color_grid(train_right_grid_area2, colors_train)

train_left_grid1.shape, train_left_grid2.shape, train_right_grid1.shape, train_right_grid2.shape

# Check the transformation rule focusing on colors
def find_transformation_rule_v2(left_grid, right_grid):
    transformed_grid = np.copy(left_grid)
    # Identifies dominant color blocks and their positions:
    # Ensure to translate presence of a color into changes based on right grid's unique patterns.
    for color in np.unique(left_grid):
        positions = np.where(left_grid == color)
        # Find dimensions of the transformation
        if len(positions[0]) > 0:
            transformed_grid[positions] = right_grid[0, 0]  # Assume top-left of changes is the clue here
    return transformed_grid

# For test grid apply the rule determined
transformed_test_grid = find_transformation_rule_v2(train_left_grid1, train_right_grid1)

# Reshape the transformed grid into a string representation
def grid_to_string(grid):
    return '\n'.join(' '.join(map(str, row)) for row in grid)

transformed_test_grid_str = grid_to_string(transformed_test_grid)

transformed_test_grid_str[:500]  # Displaying part of the transformed grid result

from collections import Counter

def analyze_color_changes(left_grid, right_grid):
    # Compare the unique colors and their counts in both grids
    left_colors = Counter(left_grid.flatten())
    right_colors = Counter(right_grid.flatten())
    return left_colors, right_colors, left_colors - right_colors

# Analyze color differences
color_analysis1 = analyze_color_changes(train_left_grid1, train_right_grid1)
color_analysis2 = analyze_color_changes(train_left_grid2, train_right_grid2)

color_analysis1, color_analysis2

# Implementing a reduction transformation
def apply_transformation(grid):
    # Example reduction logic by removing or averaging out rows to identify core pattern
    return grid[::2, ::2]  # Simple reduction: Take every second row and column

# Apply transformation to test grid
transformed_test = apply_transformation(test_grid)

# Convert to string
transformed_test_str = grid_to_string(transformed_test)
transformed_test_str","Remove alternate rows and columns, focusing on centralizing remaining patterns.",0
2025-08-01T18:28:55,ExtractObjects,ExtractObjects10,2,low,0,parse:non-integer token in row 1,1,1 1 1 1 1 1 1 1 1 1 1 1 1 1 1 1 1 1 1 1 1 1 1 1 1 1 1 1 1 1 1 1 1 1 1 1 1 1 1 1 1 1 1 1 1 1 1 1 1 1 1 1 1 1 1 1 1 1 1 1 1 1 1 1 1 1 1 1 1 1 1 1 1 1 1 1 1 1 1 1 1 1 1 1 1 1 1 1 1 1 1 1 1 1 1 1 1 1 1 1 1 1 1 1 1 1 1 1 1 1 1 1 1 1 1 1 1 1 1 1 1 1 1 1 1 1 1 1 1 1 1 1 1 1 1 1 1 1 1 1 1 1 1 1 1 1 1 1 1 1 1 1 1 1 1 1 1 1 1 1 1 1 1 1 1 1 1 1 1 1 1 1 1 1 1 1 1 1 1 1 1 1 1 1 1 1 1 1 1 1 1 1 1 1 1 1 1 1 1 1 1 1 1 1 1 1 1 1 1 1 1 1 1 1 1 1 1 1 1 1 1 1 1 1 1 1 1 1 1 1 1 1 1 1 1 1 1 1 1 1 1 1 1 1 1 1 1 1 1 1 1 1 1 1 1 1 1 1 1 1 1 1 1 1 1 1 1 1 1 1 1 1 1 1 1 1 1 1 1 1 1 1 1 1 1 1 1 1 1 1 1 1 1 1 1 1 1 1 1 1 1 1 1 1 1 1 1 1 1 1 1 1 1 1 1 1 1 1 1 1 1 1 1 1 1 1 1 1 1 1 1 1 1 1 1 1 1 1 1 1 1 1 1 1 1 1 1 1 1 1 1 1 1 1 1 1 1 1 1 1 1 1 1 1 1 1 1 1 1 1 1 1 1 1 1 1 1 1 1 1 1 1 1 1 1 1 1 1 1 1 1 1 1 1 1 1 1 1 1 1 1 1 1 1 1 1 1 1 1 1 1 1 1 1 1 1 1 1 1 1 1 1 1 1 1 1 1 1 1 1 1 1 1 1 1 1 1 1 1 1 1 1 1 1 1 1 1 1 1 1 1 1 1 1 1 1 1 1 1 1 1 1 1 1 1 1 1 1 1 1 1 1 1 1 1 1 1 1 1 1 1 1 1 1 1 1 1 1 1 1 1 1 1 1 1 1 1 1 1 1 1 1 1 1 1 1 1 1 1 1 1 1 1 1 1 1 1 1 1 1 1 1 1 1 1 1 1 1 1 1 1 1 1 1 1 1 1 1 1 1 1 1 1 1 1 1...,"The left side grids are reduced versions of the right side grids. Each grid on the left is a 20x20 segment from a 40x40 grid, retaining the same pattern but focusing on a specific area.

Rule: Select a 20x20 subgrid from the original grid.","from PIL import Image
import numpy as np

# Load the images
image1 = Image.open('/mnt/data/file-EFEv7L3EE4BEeSKgGP6cTn-train.png')
image2 = Image.open('/mnt/data/file-VcbzCkDe9aWpWxaw77Cb8d-test_2.png')

# Convert images to numpy arrays
array1 = np.array(image1)
array2 = np.array(image2)

# Analyze the color grids in the first image to determine the transformation rule
left_grid_1 = array1[:40, :40]
right_grid_1 = array1[:20, 40:60]

left_grid_2 = array1[40:80, :40]
right_grid_2 = array1[40:60, 40:60]

# Define colors
colors = {
    (0, 0, 0): 0,  # Black
    (0, 0, 255): 1,  # Blue
    (255, 0, 0): 2,  # Red
    (0, 255, 0): 3,  # Green
    (255, 255, 0): 4,  # Yellow
    (128, 128, 128): 5,  # Gray
    (255, 0, 255): 6,  # Magenta
    (255, 165, 0): 7,  # Orange
    (0, 255, 255): 8,  # Cyan
    (165, 42, 42): 9  # Brown
}

# Convert grids to color indices
def grid_to_indices(grid, colors):
    indices_grid = np.zeros(grid.shape[:2], dtype=int)
    for color, index in colors.items():
        mask = np.all(grid == color, axis=-1)
        indices_grid[mask] = index
    return indices_grid

# Get color indices
left_indices_1 = grid_to_indices(left_grid_1, colors)
right_indices_1 = grid_to_indices(right_grid_1, colors)

left_indices_2 = grid_to_indices(left_grid_2, colors)
right_indices_2 = grid_to_indices(right_grid_2, colors)

left_indices_1, right_indices_1, left_indices_2, right_indices_2",Select a 20x20 subgrid from the original grid.,0
2025-08-01T18:28:21,ExtractObjects,ExtractObjects10,3,low,0,mismatch,0,"0 0 0 0 0 0 0
0 0 0 0 0 0 0
0 0 3 3 0 0 0
0 0 3 3 0 0 0
0 0 0 0 0 0 0
0 0 0 0 0 0 0","The transformation converts each distinct colored area into a separate cluster, replacing other colors with black or gray. Key colors remain central, and become isolated versions of their original shapes. Applying this rule identifies the red areas in the second image and converts them accordingly.

Rule: Isolate distinct colored areas by transforming them into separate clusters against a black or gray background, corresponding to their position in the original grid.",,"Isolate distinct colored areas by transforming them into separate clusters against a black or gray background, corresponding to their position in the original grid.",0
2025-08-01T18:30:13,ExtractObjects,ExtractObjects2,1,low,0,mismatch,0,"0 0 0 1 1 0 0
0 1 1 1 1 1 0
0 1 1 1 1 1 0
1 1 1 0 1 1 1
1 1 0 0 0 1 1
0 0 1 1 1 0 0
0 0 0 1 1 0 0","The transformation rule observed is that for each grid, the distinctive color shape in the center is isolated and expanded into a larger grid with background fill color black. This removes any additional colors or patterns outside the shape. Applying this rule to the new grid, the yellow cross pattern is isolated.

Rule: Isolate the central shape and fill the rest with black.",,Isolate the central shape and fill the rest with black.,0
2025-08-01T18:29:15,ExtractObjects,ExtractObjects2,2,low,0,mismatch,1,"0 0 0 0 0 0 0 0 0 0 0 0
0 0 1 1 1 1 1 1 0 0 0 0
0 1 0 0 0 0 0 0 1 0 0 0
1 0 0 4 4 0 0 0 1 0 0 0
1 0 0 4 4 0 0 0 1 0 0 0
1 0 0 4 4 0 0 0 1 0 0 0
1 0 0 4 4 0 0 0 1 0 0 0
0 1 0 0 0 0 0 0 1 0 0 0
0 0 1 1 1 1 1 1 0 0 0 0
0 0 0 0 0 0 0 0 0 0 0 0
0 0 0 0 0 0 0 0 0 0 0 0
0 0 0 0 0 0 0 0 0 0 0 0","Upon analyzing the grids, it appears the rule involves focusing on a central colored pattern in the original and changing the surrounding color to black while preserving the colored pattern in the central area.

Rule: Change the surrounding color to black, preserving only the central colored pattern.","from PIL import Image
import numpy as np

# Load the images
train_image = Image.open(""/mnt/data/file-BZdH4rGuMY6B9CaoTJx6WH-train.png"")
test_image = Image.open(""/mnt/data/file-4AanJTgM3kybk2uETHbDXV-test_2.png"")

# Convert images to numpy arrays
train_array = np.array(train_image)
test_array = np.array(test_image)

train_array.shape, test_array.shape

# Function to extract unique colors in each image
def get_unique_colors(image_array):
    # Reshape the image array
    reshaped_array = image_array.reshape(-1, image_array.shape[2])
    # Get unique colors
    unique_colors = np.unique(reshaped_array, axis=0)
    return unique_colors

# Get unique colors for both images
train_colors = get_unique_colors(train_array)
test_colors = get_unique_colors(test_array)

train_colors, test_colors","Change the surrounding color to black, preserving only the central colored pattern.",0
2025-08-01T18:29:07,ExtractObjects,ExtractObjects2,3,low,0,mismatch,0,0 0 0 0 0 0 0 0 0 0 0 0 1 1 1 0 0 0 0 0 0 0 0 0 1 1 1 0 0 0 0 0 0 0 0,"Analyzing the images, there appears to be a rule where the specific shapes in each left-side grid are isolated and centered in the corresponding right-side grid with a consistent background color applied. The shapes remain the same while the surrounding colors are changed to black, isolating the primary colored elements.

Rule: Extract the central shape in the grid and isolate it on a black background in the output grid, keeping the shape's colors unchanged.",,"Extract the central shape in the grid and isolate it on a black background in the output grid, keeping the shape's colors unchanged.",0
2025-08-01T18:35:48,ExtractObjects,ExtractObjects3,1,low,0,parse:rows have unequal length,1,"1 1 1 1 1 1 1 1 1 1 1 1 1 1 1 1 1 1 1 1 1 1 1 1 1 1 1 1 1 1 1 1 1 1 1 1 1 1 1 1 1 1 1 1 1 1 1 1 1 1 1 1 1 1 1 1 1 1 1 1 1 1 1 1 1 1 1 1 1 1 1 1 1 1 1 1 1 1 1 1 1 1 1 1 1 1 1 1 1 1 1 1 1 1 1 1 1 1 1 1 1 1 1 1 1 1 1 1 1 1 1 1 1 1 1
1 0 0 0 0 0 0 0 0 0 0 0 0 0 0 0 0 0 0 0 0 0 0 0 0 0 0 0 0 0 0 0 0 0 0 0 0 0 0 0 0 0 0 0 0 0 0 0 0 0 0 0 0 0 0 0 0 0 0 0 0 0 0 0 0 0 0 0 0 0 0 0 0 0 0 0 0 0 0 0 0 0 0 0 0 0 0 0 0 0 0 0 0 0 0 0 0 0 0 0 0 0 0 0 0 0 0 0 0 0 0 0 0
1 0 0 0 0 0 0 0 0 0 0 0 0 0 0 0 0 0 0 0 0 0 0 0 0 0 0 0 0 0 0 0 0 0 0 0 0 0 0 0 0 0 0 0 0 0 0 0 0 0 0 0 0 0 0 0 0 0 0 0 0 0 0 0 0 0 0 0 0 0 0 0 0 0 0 0 0 0 0 0 0 0 0 0 0 0 0 0 0 0 0 0 0 0 0 0 0 0 0 0 0 0 0 0 0 0 0 0 0 0 0 0 0
1 0 0 0 0 0 0 0 0 0 0 0 0 0 0 0 0 0 0 0 0 0 0 0 0 0 0 0 0 0 0 0 0 0 0 0 0 0 0 0 0 0 0 0 0 0 0 0 0 0 0 0 0 0 0 0 0 0 0 0 0 0 0 0 0 0 0 0 0 0 0 0 0 0 0 0 0 0 0 0 0 0 0 0 0 0 0 0 0 0 0 0 0 0 0 0 0 0 0 0 0 0 0 0 0 0 0 0 0 0 0 0 0
1 0 0 0 0 0 0 0 0 0 0 0 0 0 0 0 0 0 0 0 0 0 0 0 0 0 0 0 0 0 0 0 0 0 0 0 0 0 0 0 0 0 0 0 0 0 0 0 0 0 0 0 0 0 0 0 0 0 0 0 0 0 0 0 0 0 0 0 0 0 0 0 0 0 0 0 0 0 0 0 0 0 0 0 0 0 0 0 0 0 0 0 0 0 0 0 0 0 0 0 0 0 0 0 0 0 0 0 0 0 0 0 0
1 0 0 0 0 0 0 0 0 0 0 0 0 0 0 0 0 0 0 0 0 0 0 0 0 0 0 0 0 0 0 0 0 0 0 0 0 0 0 0 0 0 0 0 0 0 0 0 0 0 0 0 0 0 0 0 0 0 0 0 0 0 0 0 0 0 0 0 0 0 0 0 0 0 0 0 0 0 0 0 0 0 0 0 0 0 0 0 0 0 0 0 0 0 0 0 0 0 0 0 0 0 0 0 0 0 0 0 0 0 0 0 0
1 0 0 0 0 0 0 0 0 0 0 0 0 0 0 0 0 0 0 0 0 0 0 0 0 0 0 0 0 0 0 0 0 0 0 0 0 0 0 0 0 0 0 0 0 0 0 0 0 0 0 0 0 0 0 0 0 0 0 0 0 0 0 0 0 0 0 0 0 0 0 0 0 0 0 0 0 0 0 0 0 0 0 0 0 0 0 0 0 0 0 0 0 0 0 0 0 0 0 0 0 0 0 0 0 0 0 0 0 0 0 0 0
1 0 0 0 0 0 0 0 0 0 0 0 0 0 0 0 0 0 0 0 0 0 0 0 0 0 0 0 0 0 0 0 0 0 0 0 0 0 0 0 0 0 0 0 0 0 0 0 0 0 0 0 0 0 0 0 0 0 0 0 0 0 0 0 0 0 0 0 0 0 0 0 0 0 0 0 0 0 0 0 0 0 0 0 0 0 0 0 0 0 0 0 0 0 0 0 0 0 0 0 0 0 0 0 0 0 0 0 0 0 0 0 0
1 0 0 0 0 0 0 0 0 0 0 0 0 0 0 0 0 0 0 0 0 0 0 0 0 0 0 0 0 0 0 0 0 0 0 0 0 0 0 0 0 0 0 0 0 0 0 0 0 0 0 0 0 0 0 0 0 0 0 0 0 0 0 0 0 0 0 0 0 0 0 0 0 0 0 0 0 0 0 0 0 0 0 0 0 0 0 0 0 0 0 0 0 0 0 0 0 0 0 0 0 0 0 0 0 0 0 0 0 0 0 0 0
1 0 0 0 0 0 0 0 0 0 0 0 0 0 0 0 0 0 0 0 0 0 0 0 0 0 0 0 0 0 0 0 0 0 0 0 0 0 0 0 0 0 0 0 0 0 0 0 0 0 0 0 0 0 0 0 0 0 0 0 0 0 0 0 0 0 0 0 0 0 0 0 0 0 0 0 0 0 0 0 0 0 0 0 0 0 0 0 0 0 0 0 0 0 0 0 0 0 0 0 0 0 0 0 0 0 0 0 0 0 0 0 0
1 0 0 0 0 0 0 0 0 0 0 0 0 0 0 0 0 0 0 0 0 0 0 0 0 0 0 0 0 0 0 0 0 0 0 0 0 0 0 0 0 0 0 0 0 0 0 0 0 0 0 0 0 0 0 0 0 0 0 0 0 0 0 0 0 0 0 0 0 0 0 0 0 0 0 0 0 0 0 0 0 0 0 0 0 0 0 0 0 0 0 0 0 0 0 0 0 0 0 0 0 0 0 0 0 0 0 0 0 0 0 0 0
1 0 0 0 0 0 0 0 0 0 0 0 0 0 0 0 0 0 0 0 0 0 0 0 0 0 0 0 0 0 0 0 0 0 0 0 0 0 0 0 0 0 0 0 0 0 0 0 0 0 0 0 0 0 0 0 0 0 0 0 0 0 0 0 0 0 0 0 0 0 0 0 0 0 0 0 0 0 0 0 0 0 0 0 0 0 0 0 0 0 0 0 0 0 0 0 0 0 0 0 0 0 0 0 0 0 0 0 0 0 0 0 0
1 0 0 0 0 0 0 0 0 0 0 0 0 0 0 0 0 0 0 0 0 0 0 0 0 0 0 0 0 0 0 0 0 0 0 0 0 0 0 0 0 0 0 0 0 0 0 0 0 0 0 0 0 0 0 0 0 0 0 0 0 0 0 0 0 0 0 0 0 0 0 0 0 0 0 0 0 0 0 0 0 0 0 0 0 0 0 0 0 0 0 0 0 0 0 0 0 0 0 0 0 0 0 0 0 0 0 0 0 0 0 0 0
1 0 0 0 0 0 0 0 0 0 0 0 0 0 0 0 0 0 0 0 0 0 0 0 0 0 0 0 0 0 0 0 0 0 0 0 0 0 0 0 0 0 0 0 0 0 0 0 0 0 0 0 0 0 0 0 0 0 0 0 0 0 0 0 0 0 0 0 0 0 0 0 0 0 0 0 0 0 0 0 0 0 0 0 0 0 0 0 0 0 0 0 0 0 0 0 0 0 0 0 0 0 0 0 0 0 0 0 0 0 0 0 0
1 0 0 0 0 0 0 0 0 0 0 0 0 0 0 0 0 0 0 0 0 0 0 0 0 0 0 0 0 0 0 0 0 0 0 0 0 0 0 0 0 0 0 0 0 0 0 0 0 0 0 0 0 0 0 0 0 0 0 0 0 0 0 0 0 0 0 0 0 0 0 0 0 0 0 0 0 0 0 0 0 0 0 0 0 0 0 0 0 0 0 0 0 0 0 0 0 0 0 0 0 0 0 0 0 0 0 0 0 0 0 0 0
1 0 0 0 0 0 0 0 0 0 0 0 0 0 0 0 0 0 0 0 0 0 0 0 0 0 0 0 0 0 0 0 0 0 0 0 0 0 0 0 0 0 0 0 0 0 0 0 0 0 0 0 0 0 0 0 0 0 0 0 0 0 0 0 0 0 0 0 0 0 0 0 0 0 0 0 0 0 0 0 0 0 0 0 0 0 0 0 0 0 0 0 0 0 0 0 0 0 0 0 0 0 0 0 0 0 0 0 0 0 0 0 0
1 0 0 0 0 0 0 0 0 0 0 0 0 0 0 0 0 0 0 0 0 0 0 0 0 0 0 0 0 0 0 0 0 0 0 0 0 0 0 0 0 0 0 0 0 0 0 0 0 0 0 0 0 0 0 0 0 0 0 0 0 0 0 0 0 0 0 0 0 0 0 0 0 0 0 0 0 0 0 0 0 0 0 0 0 0 0 0 0 0 0 0 0 0 0 0 0 0 0 0 0 0 0 0 0 0 0 0 0 0 0 0 0
1 0 0 0 0 0 0 0 0 0 0 0 0 0 0 0 0 0 0 0 0 0 0 0 0 0 0 0 0 0 0 0 0 0 0 0 0 0 0 0 0 0 0 0 0 0 0 0 0 0 0 0 0 0 0 0 0 0 0 0 0 0 0 0 0 0 0 0 0 0 0 0 0 0 0 0 0 0 0 0 0 0 0 0 0 0 0 0 0 0 0 0 0 0 0 0 0 0 0 0 0 0 0 0 0 0 0 0 0 0 0 0 0
1 0 0 0 0 0 0 0 0 0 0 0 0 0 0 0 0 0 0 0 0 0 0 0 0 0 0 0 0 0 0 0 0 0 0 0 0 0 0 0 0 0 0 0 0 0 0 0 0 0 0 0 0 0 0 0 0 0 0 0 0 0 0 0 0 0 0 0 0 0 0 0 0 0 0 0 0 0 0 0 0 0 0 0 0 0 0 0 0 0 0 0 0 0 0 0 0 0 0 0 0 0 0 0 0 0 0 0 0 0 0 0 0
1 0 0 0 0 0 0 0 0 0 0 0 0 0 0 0 0 0 0 0 0 0 0 0 0 0 0 0 0 0 0 0 0 0 0 0 0 0 0 0 0 0 0 0 0 0 0 0 0 0 0 0 0 0 0 0 0 0 0 0 0 0 0 0 0 0 0 0 0 0 0 0 0 0 0 0 0 0 0 0 0 0 0 0 0 0 0 0 0 0 0 0 0 0 0 0 0 0 0 0 0 0 0 0 0 0 0 0 0 0 0 0 0
1 0 0 0 0 0 0 0 0 0 0 0 0 0 0 0 0 0 0 0 0 0 0 0 0 0 0 0 0 0 0 0 0 0 0 0 0 0 0 0 0 0 0 0 0 0 0 0 0 0 0 0 0 0 0 0 0 0 0 0 0 0 0 0 0 0 0 0 0 0 0 0 0 0 0 0 0 0 0 0 0 0 0 0 0 0 0 0 0 0 0 0 0 0 0 0 0 0 0 0 0 0 0 0 0 0 0 0 0 0 0 0 0
1 0 0 0 0 0 0 0 0 0 0 0 0 0 0 0 0 0 0 0 0 0 0 0 0 0 0 0 0 0 0 0 0 0 0 0 0 0 0 0 0 0 0 0 0 0 0 0 0 0 0 0 0 0 0 0 0 0 0 0 0 0 0 0 0 0 0 0 0 0 0 0 0 0 0 0 0 0 0 0 0 0 0 0 0 0 0 0 0 0 0 0 0 0 0 0 0 0 0 0 0 0 0 0 0 0 0 0 0 0 0 0 0
1 0 0 0 0 0 0 0 0 0 0 0 0 0 0 0 0 0 0 0 0 0 0 0 0 0 0 0 0 0 0 0 0 0 0 0 0 0 0 0 0 0 0 0 0 0 0 0 0 0 0 0 0 0 0 0 0 0 0 0 0 0 0 0 0 0 0 0 0 0 0 0 0 0 0 0 0 0 0 0 0 0 0 0 0 0 0 0 0 0 0 0 0 0 0 0 0 0 0 0 0 0 0 0 0 0 0 0 0 0 0 0 0
1 0 0 0 0 0 0 0 0 0 0 0 0 0 0 0 0 0 0 0 0 0 0 0 0 0 0 0 0 0 0 0 0 0 0 0 0 0 0 0 0 0 0 0 0 0 0 0 0 0 0 0 0 0 0 0 0 0 0 0 0 0 0 0 0 0 0 0 0 0 0 0 0 0 0 0 0 0 0 0 0 0 0 0 0 0 0 0 0 0 0 0 0 0 0 0 0 0 0 0 0 0 0 0 0 0 0 0 0 0 0 0 0
1 0 0 0 0 0 0 0 0 0 0 0 0 0 0 0 0 0 0 0 0 0 0 0 0 0 0 0 0 0 0 0 0 0 0 0 0 0 0 0 0 0 0 0 0 0 0 0 0 0 0 0 0 0 0 0 0 0 0 0 0 0 0 0 0 0 0 0 0 0 0 0 0 0 0 0 0 0 0 0 0 0 0 0 0 0 0 0 0 0 0 0 0 0 0 0 0 0 0 0 0 0 0 0 0 0 0 0 0 0 0 0 0
1 0 0 0 0 0 0 0 0 0 0 0 0 0 0 0 0 0 0 0 0 0 0 0 0 0 0 0 0 0 0 0 0 0 0 0 0 0 0 0 0 0 0 0 0 0 0 0 0 0 0 0 0 0 0 0 0 0 0 0 0 0 0 0 0 0 0 0 0 0 0 0 0 0 0 0 0 0 0 0 0 0 0 0 0 0 0 0 0 0 0 0 0 0 0 0 0 0 0 0 0 0 0 0 0 0 0 0 0 0 0 0 0
1 0 0 0 0 0 0 0 0 0 0 0 0 0 0 0 0 0 0 0 0 0 0 0 0 0 0 0 0 0 0 0 0 0 0 0 0 0 0 0 0 0 0 0 0 0 0 0 0 0 0 0 0 0 0 0 0 0 0 0 0 0 0 0 0 0 0 0 0 0 0 0 0 0 0 0 0 0 0 0 0 0 0 0 0 0 0 0 0 0 0 0 0 0 0 0 0 0 0 0 0 0 0 0 0 0 0 0 0 0 0 0 0
1 0 0 0 0 0 0 0 0 0 0 0 0 0 0 0 0 0 0 0 0 0 0 0 0 0 0 0 0 0 0 0 0 0 0 0 0 0 0 0 0 0 0 0 0 0 0 0 0 0 0 0 0 0 0 0 0 0 0 0 0 0 0 0 0 0 0 0 0 0 0 0 0 0 0 0 0 0 0 0 0 0 0 0 0 0 0 0 0 0 0 0 0 0 0 0 0 0 0 0 0 0 0 0 0 0 0 0 0 0 0 0 0
1 0 0 0 0 0 0 0 0 0 0 0 0 0 0 0 0 0 0 0 0 0 0 0 0 0 0 0 0 0 0 0 0 0 0 0 0 0 0 0 0 0 0 0 0 0 0 0 0 0 0 0 0 0 0 0 0 0 0 0 0 0 0 0 0 0 0 0 0 0 0 0 0 0 0 0 0 0 0 0 0 0 0 0 0 0 0 0 0 0 0 0 0 0 0 0 0 0 0 0 0 0 0 0 0 0 0 0 0 0 0 0 0
1 0 0 0 0 0 0 0 0 0 0 0 0 0 0 0 0 0 0 0 0 0 0 0 0 0 0 0 0 0 0 0 0 0 0 0 0 0 0 0 0 0 0 0 0 0 0 0 0 0 0 0 0 0 0 0 0 0 0 0 0 0 0 0 0 0 0 0 0 0 0 0 0 0 0 0 0 0 0 0 0 0 0 0 0 0 0 0 0 0 0 0 0 0 0 0 0 0 0 0 0 0 0 0 0 0 0 0 0 0 0 0 0","The transformation from the left grid to the right involved a shift of the colors and filling with color 1 around the shifted area.

Rule: Shift the grid by (1,1) and fill the top and left border with color 1.","from PIL import Image
import numpy as np

def load_and_process_image(file_path):
    """"""Load the image and convert it to an array of color indices.""""""
    image = Image.open(file_path).convert(""RGB"")
    data = np.array(image)
    
    # Define the color map
    color_map = {
        (0, 0, 0): 0,      # black
        (0, 0, 255): 1,    # blue
        (255, 0, 0): 2,    # red
        (0, 255, 0): 3,    # green
        (255, 255, 0): 4,  # yellow
        (128, 128, 128): 5,# gray
        (255, 0, 255): 6,  # magenta
        (255, 165, 0): 7,  # orange
        (0, 255, 255): 8,  # cyan
        (165, 42, 42): 9   # brown
    }
    
    # Convert image to an array of color indices
    grid = np.zeros((data.shape[0], data.shape[1]), dtype=int)
    for rgb_color, index in color_map.items():
        mask = np.all(data == np.array(rgb_color), axis=-1)
        grid[mask] = index
    return grid

# Load and process both grids from the images
train_grid = load_and_process_image('/mnt/data/file-QChA2aL6AEj31bHGaDfANQ-train.png')
test_grid = load_and_process_image('/mnt/data/file-R99Kqb4fgU61AjEEma4Gkt-test_1.png')

train_grid, test_grid

def extract_subgrid(grid):
    """"""Extracts the smaller subgrid from a processed image grid.""""""
    # Get the non-black area
    rows, cols = np.where(grid != 0)
    return grid[min(rows):max(rows)+1, min(cols):max(cols)+1]

# Extract subgrids
left_subgrid_1 = extract_subgrid(train_grid[:, :train_grid.shape[1]//2])
right_subgrid_1 = extract_subgrid(train_grid[:, train_grid.shape[1]//2:])

left_subgrid_1, right_subgrid_1

# Trying a different approach to extract the subgrids from the initial grids

def extract_grid_sections(grid):
    """"""Splits the input grid into two smaller grids based on non-zero areas.""""""
    mid_col = grid.shape[1] // 2
    left_grid = grid[:, :mid_col].copy()
    right_grid = grid[:, mid_col:].copy()
    
    # Find non-zero regions for both left and right grids
    l_nonzero = np.nonzero(left_grid)
    r_nonzero = np.nonzero(right_grid)

    # Extract non-zero bounded grids
    left_subgrid = left_grid[np.min(l_nonzero[0]):np.max(l_nonzero[0])+1, np.min(l_nonzero[1]):np.max(l_nonzero[1])+1]
    right_subgrid = right_grid[np.min(r_nonzero[0]):np.max(r_nonzero[0])+1, np.min(r_nonzero[1]):np.max(r_nonzero[1])+1]
    
    return left_subgrid, right_subgrid

# Attempt to extract subgrids again
left_subgrid_1, right_subgrid_1 = extract_grid_sections(train_grid)

left_subgrid_1, right_subgrid_1

# Displaying the data for detailed inspection, in case there are issues with the grid identification
np.set_printoptions(edgeitems=30, linewidth=1000)
train_grid

# Let's check for non-zero areas in the first half and second half of the grid separately

left_half = train_grid[:, :train_grid.shape[1]//2]
right_half = train_grid[:, train_grid.shape[1]//2:]

left_indices = np.nonzero(left_half)
right_indices = np.nonzero(right_half)

(left_indices, right_indices)

# Let's verify the color values in the image to map them correctly.

def validate_color_values(file_path):
    """"""Load the image and display unique color values for validation.""""""
    image = Image.open(file_path).convert(""RGB"")
    data = np.array(image)
    unique_colors = np.unique(data.reshape(-1, data.shape[2]), axis=0)
    return unique_colors

# Validate color values in the training image
validate_color_values('/mnt/data/file-QChA2aL6AEj31bHGaDfANQ-train.png')

def corrected_load_and_process_image(file_path):
    """"""Load the image and convert it to an array of color indices with corrected mapping.""""""
    image = Image.open(file_path).convert(""RGB"")
    data = np.array(image)

    # Corrected color map based on unique colors
    corrected_color_map = {
        (0, 0, 0): 0,         # black
        (0, 197, 67): 3,      # green
        (204, 204, 204): 5,   # gray
        (249, 22, 179): 6,    # magenta
        (255, 57, 55): 2,     # red
        (255, 255, 255): 1,   # assumed white = blue for simplicity
    }
    
    # Convert image to an array of color indices with the updated mapping
    grid = np.zeros((data.shape[0], data.shape[1]), dtype=int)
    for rgb_color, index in corrected_color_map.items():
        mask = np.all(data == np.array(rgb_color), axis=-1)
        grid[mask] = index
    return grid

# Reload and process the training grid with corrected mapping
train_grid_corrected = corrected_load_and_process_image('/mnt/data/file-QChA2aL6AEj31bHGaDfANQ-train.png')
train_grid_corrected

# Split the corrected training grid again and extract the subgrids

def extract_corrected_grid_sections(grid):
    """"""Splits the input grid into two smaller grids based on non-zero areas with correct mapping.""""""
    mid_col = grid.shape[1] // 2
    left_grid = grid[:, :mid_col]
    right_grid = grid[:, mid_col:]
    
    # Find non-zero regions for the left and right grids
    l_nonzero = np.nonzero(left_grid)
    r_nonzero = np.nonzero(right_grid)

    # Extract non-zero bounded grids
    left_subgrid = left_grid[np.min(l_nonzero[0]):np.max(l_nonzero[0])+1, np.min(l_nonzero[1]):np.max(l_nonzero[1])+1]
    right_subgrid = right_grid[np.min(r_nonzero[0]):np.max(r_nonzero[0])+1, np.min(r_nonzero[1]):np.max(r_nonzero[1])+1]
    
    return left_subgrid, right_subgrid

left_subgrid_corrected_1, right_subgrid_corrected_1 = extract_corrected_grid_sections(train_grid_corrected)

left_subgrid_corrected_1, right_subgrid_corrected_1

# Analyze the transformation
def determine_transformation_rule(left_grid, right_grid):
    """"""Determines the transformation rule between two grids.""""""
    if left_grid.shape == right_grid.shape:
        # Check for patterns between corresponding elements
        diff = (left_grid != right_grid)
        changes = np.argwhere(diff)
        if len(changes) == 1:
            change_idx = changes[0]
            new_value = right_grid[change_idx[0], change_idx[1]]
            return (tuple(change_idx), new_value)
    return None

# Applying the transformation rule to the test image
def apply_transformation(grid, transformation_rule):
    """"""Applies a transformation rule to the grid.""""""
    idx, new_value = transformation_rule
    output_grid = grid.copy()
    output_grid[idx[0], idx[1]] = new_value
    return output_grid

# Determine transformation rule
transformation_rule = determine_transformation_rule(left_subgrid_corrected_1, right_subgrid_corrected_1)

# Apply the transformation rule to the test grid
test_grid_transformed = apply_transformation(test_grid, transformation_rule)

test_grid_transformed

# Let's manually determine and analyze the grids to understand the transformation

(left_subgrid_corrected_1, right_subgrid_corrected_1)

# Check details of the subgrids in sections to understand the differences better
print(left_subgrid_corrected_1)
print(""\n"")
print(right_subgrid_corrected_1)

# The transformation appears to involve a shift and filling with color 1.

def apply_shift_and_fill(grid, shift=(1, 1), fill_color=1):
    """"""Applies a shift to the grid, filling the new space with a specified color.""""""
    output_grid = np.full(grid.shape, fill_color, dtype=int)
    src_rows, src_cols = grid.shape
    dst_rows, dst_cols = src_rows - shift[0], src_cols - shift[1]
    output_grid[shift[0]:shift[0]+dst_rows, shift[1]:shift[1]+dst_cols] = grid[:dst_rows, :dst_cols]
    return output_grid

test_grid_shifted = apply_shift_and_fill(test_grid, shift=(1, 1), fill_color=1)

test_grid_shifted

# Build the final JSON output
final_grid_str = '\n'.join(' '.join(str(cell) for cell in row) for row in test_grid_shifted)
json_output = {
    ""reasoning"": ""The transformation from the left grid to the right involved a shift of the colors and filling with color 1 around the shifted area."",
    ""rule"": ""Shift the grid by (1,1) and fill the top and left border with color 1."",
    ""grid"": final_grid_str
}

import json
json_output_str = json.dumps(json_output, separators=(',', ':'))
json_output_str","Shift the grid by (1,1) and fill the top and left border with color 1.",0
2025-08-01T18:29:12,ExtractObjects,ExtractObjects3,2,low,0,mismatch,0,"0 0 0 0 0 0 0 0 0 0 0 0 0 0 0 0 0 0 0 0 0 0 0 0 0
0 0 0 0 1 0 0 1 0 0 0 0 0 0 0 0 0 0 0 0 0 0 0 0 0
0 0 0 1 2 1 1 2 1 0 0 0 0 0 0 0 0 0 0 0 0 0 0 0 0
0 0 0 1 2 1 1 2 1 0 0 0 0 0 0 0 0 0 0 0 0 0 0 0 0
0 0 0 0 1 0 0 1 0 0 0 0 0 0 0 0 0 0 0 0 0 0 0 0 0
0 0 0 0 0 0 0 0 0 0 0 0 0 0 0 0 0 0 0 0 0 0 0 0 0","The transformed grids on the right side are extractions of smaller colored boxes from the larger grids on the left side. The transformation involves selecting a smaller 5x5 section where the inner colors form a 3x3 grid preserving the original pattern around the central black. Applying this rule to the test image requires identifying such 5x5 blocks and replicating their patterns.

Rule: Extract a 5x5 section of the grid that focuses on a central 3x3 colored pattern surrounded by black.",,Extract a 5x5 section of the grid that focuses on a central 3x3 colored pattern surrounded by black.,0
2025-08-01T18:28:06,ExtractObjects,ExtractObjects3,3,low,0,mismatch,0,4 4 0 0 4 4 0 0 4 4 0 0 4 4,"The left grids have a central pattern surrounded by a color (red, magenta), while the right grids represent this central pattern without the surrounding color, keeping the internal pattern structure. The transformation extracts the inner 2x2 pattern.

Rule: Extract the central 2x2 pattern from the larger grid, ignoring the boundary color.",,"Extract the central 2x2 pattern from the larger grid, ignoring the boundary color.",0
2025-08-01T18:28:14,ExtractObjects,ExtractObjects4,1,low,0,mismatch,0,"1 1 1 1 1 1 1 1 1 1 1
1 1 1 1 1 1 1 1 1 1 1
1 1 1 1 1 1 1 1 1 1 1
1 1 1 1 1 1 1 1 1 1 1
1 1 1 1 1 1 1 1 1 1 1
1 1 1 1 1 1 1 1 1 1 1
1 1 1 1 1 1 1 1 1 1 1
1 1 1 1 1 1 1 1 1 1 1
1 1 1 1 1 1 1 1 1 1 1
1 1 1 1 1 1 1 1 1 1 1
1 1 1 1 1 1 1 1 1 1 1","By analyzing the transformations from the first image, each grid on the right is a smaller, monochromatic version of the corresponding grid on the left. The rule seems to involve selecting a single color from the grids on the left and replacing the entire grid with it on the right.

Rule: Transform any colored grid by isolating the secondary color and replacing all squares in the grid with this color.",,Transform any colored grid by isolating the secondary color and replacing all squares in the grid with this color.,0
2025-08-01T18:30:18,ExtractObjects,ExtractObjects4,2,low,0,parse:non-integer token in row 1,1,"Complex translations were tried, requiring visual alignment and checks to ensure correctness.","Attempts to define it visually weren't successful. Adoption of a fixed shrinking pattern to central area assumed for transformation.

Rule: Center reduction/mirroring of color shifts from reference grid sizes.","from PIL import Image
import numpy as np

# Load the images
train_img_path = '/mnt/data/file-HonXo5J9oxMHcrXVKgiW1b-train.png'
test_img_path = '/mnt/data/file-5eCdwkyTjGBjR8f5DMjhte-test_2.png'

train_img = Image.open(train_img_path)
test_img = Image.open(test_img_path)

# Convert images to numpy arrays
train_array = np.array(train_img)
test_array = np.array(test_img)

train_array.shape, test_array.shape

# Define color mapping
colors = {
    (0, 0, 0): 'black',     # 0
    (0, 0, 255): 'blue',    # 1
    (255, 0, 0): 'red',     # 2
    (0, 255, 0): 'green',   # 3
    (255, 255, 0): 'yellow', # 4
    (128, 128, 128): 'gray', # 5
    (255, 0, 255): 'magenta',# 6
    (255, 165, 0): 'orange', # 7
    (0, 255, 255): 'cyan',   # 8
    (165, 42, 42): 'brown'   # 9
}

def extract_color_matrix(image_array):
    """"""Extract a color matrix from the image array using defined color indexes.""""""
    row, col, _ = image_array.shape
    color_matrix = np.zeros((row, col), dtype=int)

    for i in range(row):
        for j in range(col):
            pixel = tuple(image_array[i, j])
            if pixel in colors:
                color_matrix[i, j] = list(colors.keys()).index(pixel)

    return color_matrix

# Extract color matrices from train and test images
train_color_matrix = extract_color_matrix(train_array)
test_color_matrix = extract_color_matrix(test_array)

train_color_matrix.shape, test_color_matrix.shape

# For training image, separate each grid pair

# Define sub-grids based on manual examination (top-left and top-right)
# The positions are rough estimates based on observing the grid
grid_width = 55
grid_height = 55

# Extract left and right sub-grids
first_left_grid = train_color_matrix[10:GridHeight:110, 10:GridWidth:110]
first_right_grid = train_color_matrix[10:GridHeight:110, width//2+10:width//2+GridWidth:110]

second_left_grid = train_color_matrix[70:GridHeight:170, 10:GridWidth:110]
second_right_grid = train_color_matrix[70:GridHeight:170, width//2+10:width//2+GridWidth:110]

third_left_grid = train_color_matrix[130:GridHeight:230, 10:GridWidth:110]
third_right_grid = train_color_matrix[130:GridHeight:230, width//2+10:width//2+GridWidth:110]

# Display grids for further analysis if needed
(first_left_grid, first_right_grid), (second_left_grid, second_right_grid), (third_left_grid, third_right_grid)

# Let me correct and manually extract a more precise range for the sub-grids based on visual observation

# Considering each grid to have 6x6 cells based on your description, let's extract a portion
# Assuming roughly estimated coordinates to extract three full grids

# Extract three grids on the left
grid1_left = train_color_matrix[0:66, 0:66]
grid2_left = train_color_matrix[66:132, 0:66]
grid3_left = train_color_matrix[132:198, 0:66]

# Extract corresponding three grids on the right
grid1_right = train_color_matrix[0:66, 66:132]
grid2_right = train_color_matrix[66:132, 66:132]
grid3_right = train_color_matrix[132:198, 66:132]

(grid1_left, grid1_right), (grid2_left, grid2_right), (grid3_left, grid3_right)

# Let's analyze sections of the image to determine the transformation rule by simplifying the extraction process
# The train image contains 6x6 grids - to verify them, let's first focus on the top-left part

def simple_grid_extraction(image_matrix, start_row, start_col, size=55):
    """"""Extract a grid from the specified positions with defined size.""""""
    return image_matrix[start_row:start_row+size, start_col:start_col+size]

# Extract 3 grid pairs using observation
first_left_grid = simple_grid_extraction(train_color_matrix, 0, 0)
first_right_grid = simple_grid_extraction(train_color_matrix, 0, 70)

second_left_grid = simple_grid_extraction(train_color_matrix, 70, 0)
second_right_grid = simple_grid_extraction(train_color_matrix, 70, 70)

third_left_grid = simple_grid_extraction(train_color_matrix, 140, 0)
third_right_grid = simple_grid_extraction(train_color_matrix, 140, 70)

# Display the unique color pattern identifiers (colors)
def grid_color_pattern(grid):
    """"""Returns unique colors used in a grid.""""""
    return np.unique(grid)

simple_analysis = [(grid_color_pattern(first_left_grid), grid_color_pattern(first_right_grid)),
                   (grid_color_pattern(second_left_grid), grid_color_pattern(second_right_grid)),
                   (grid_color_pattern(third_left_grid), grid_color_pattern(third_right_grid))]

simple_analysis

# Re-evaluate the gridded sections for any visible color transformations
import matplotlib.pyplot as plt

# Plot the extracted grids to visualize
fig, axes = plt.subplots(3, 2, figsize=(8, 12))
axes[0, 0].imshow(first_left_grid)
axes[0, 0].set_title(""First Left Grid"")

axes[0, 1].imshow(first_right_grid)
axes[0, 1].set_title(""First Right Grid"")

axes[1, 0].imshow(second_left_grid)
axes[1, 0].set_title(""Second Left Grid"")

axes[1, 1].imshow(second_right_grid)
axes[1, 1].set_title(""Second Right Grid"")

axes[2, 0].imshow(third_left_grid)
axes[2, 0].set_title(""Third Left Grid"")

axes[2, 1].imshow(third_right_grid)
axes[2, 1].set_title(""Third Right Grid"")

plt.tight_layout()
plt.show()

# Attempt another method to extract and analyze the transformation pattern

# Since the grid analysis didn’t yield visible results, let's manually specify pixel locations
# This could capture the visible grid sections correctly, based on visual inspection

# Find and apply a more precise grid definition for each section
# Visual observations suggest I need smaller subsections of the full image

# Let's redefine based on observation
def get_transformed_pattern(grid):
    # Assume visual observation shows a shrinking step transformation
    half_size = grid.shape[0] // 2
    return grid[:half_size//2, :half_size//2]

# Apply the transformation to first grid pattern
first_grid_pattern = train_color_matrix[0:70, 0:70]
transformed_pattern = get_transformed_pattern(first_grid_pattern)

# Analyze pattern from test, using similar defined transformation range
test_transformed_pattern = get_transformed_pattern(test_color_matrix)

first_grid_pattern, transformed_pattern

# Attempt to define and recognize the pattern transformation over simplified analysis

# Identify transformation pattern based on previous attempts
def recognize_grid_transformation(left_grid, right_grid):
    """"""Detect pattern transformation from left to right.""""""
    # Here, assume a simple average color shift comparison for basic analysis:
    unique_left = np.unique(left_grid)
    unique_right = np.unique(right_grid)

    return unique_left, unique_right

# Utilize the seen simpler matrices with focused extraction
transformation_analysis = [
    recognize_grid_transformation(grid1_left, grid1_right),
    recognize_grid_transformation(grid2_left, grid2_right),
    recognize_grid_transformation(grid3_left, grid3_right)
]

transformation_analysis

# Focused grid analysis based on visual observations for correct extraction
# Let's display all at once for verification
def display_all_grids(matrix):
    display_grids = {
        ""grid1_left"": matrix[0:110, 0:110],
        ""grid1_right"": matrix[0:110, 110:220],
        ""grid2_left"": matrix[110:220, 0:110],
        ""grid2_right"": matrix[110:220, 110:220],
        ""grid3_left"": matrix[220:330, 0:110],
        ""grid3_right"": matrix[220:330, 110:220],
    }
    fig, axes = plt.subplots(3, 2, figsize=(10, 15))
    axes = axes.flatten()
    i = 0
    for name, grid in display_grids.items():
        axes[i].imshow(grid)
        axes[i].set_title(name)
        i += 1
    plt.tight_layout()
    plt.show()

# Re-display corrected grids
display_all_grids(train_color_matrix)

# Apply better capturing of grid transformations for training recognition
# Define a reduction transformation from left grid to right grid on training

# Assuming a shrinking process; let's define and implement transformations
# Reapply capture logic from a more focused observation for transformations

def capture_grid_transformations(left_matrix, size):
    """"""Capture transformation patterns based on grid sections.""""""
    unique_colors = np.unique(left_matrix[:size, :size])
    return unique_colors

# Capture logic only obtaining indices for further pattern identification
t1_left_indices = capture_grid_transformations(first_left_grid, size=55)
t1_right_indices = capture_grid_transformations(first_right_grid, size=27)

t2_left_indices = capture_grid_transformations(second_left_grid, size=55)
t2_right_indices = capture_grid_transformations(second_right_grid, size=27)

t3_left_indices = capture_grid_transformations(third_left_grid, size=55)
t3_right_indices = capture_grid_transformations(third_right_grid, size=27)

t1_left_indices, t1_right_indices, t2_left_indices, t2_right_indices, t3_left_indices, t3_right_indices

# Attempt manageable pattern capture with assumptions for correct deductions

def apply_transformations(left_grid):
    """"""Apply assumed transformation for color mapping.""""""
    # Assume grid maintains shrinking of outer values towards the center
    grid_size = left_grid.shape[0] // 2
    new_grid = left_grid[:grid_size // 2, :grid_size // 2]
    return new_grid

# Define and apply transformation for the test input
transformed_test_grid = apply_transformations(test_color_matrix)

transformed_test_grid",Center reduction/mirroring of color shifts from reference grid sizes.,0
2025-08-01T18:30:56,ExtractObjects,ExtractObjects4,3,low,0,parse:non-integer token in row 1,1,"[[3,3,3,3,3,3],[3,3,3,3,3,3],[3,3,3,3,3,3],[3,3,3,3,3,3],[3,3,3,3,3,3],[3,3,3,3,3,3]]","Each left-side grid in the first image results in a right-side grid that is a 6x6 version of the dominant non-black color.

Rule: Convert the grid into a 6x6 grid using the dominant non-black color.","from PIL import Image

# Load the images
train_img_path = '/mnt/data/file-PTLrpRKfBfupCSwUz3L4Ab-train.png'
test_img_path = '/mnt/data/file-UfjuEVL7R9HEPeCL4W17GD-test_3.png'

train_img = Image.open(train_img_path)
test_img = Image.open(test_img_path)

# Display the images
train_img.show()
test_img.show()

def transform_grid(image, color_map):
    width, height = image.size
    pixels = image.load()
    
    color_count = {}
    
    for x in range(width):
        for y in range(height):
            current_color = pixels[x, y]
            if current_color in color_count:
                color_count[current_color] += 1
            else:
                color_count[current_color] = 1
    
    # Find the dominant non-black (any other than (0, 0, 0)) color
    dominant_color = max(color_count, key=lambda color: color_count[color] if color != (0, 0, 0) else 0)
    
    # Use a 6x6 grid of the dominant color
    transformed_grid = [[color_map[dominant_color] for _ in range(6)] for _ in range(6)]
    
    return transformed_grid

# Define color mapping based on the description
color_map = {
    (0, 0, 0): 0,       # Black
    (0, 0, 255): 1,     # Blue
    (255, 0, 0): 2,     # Red
    (0, 255, 0): 3,     # Green
    (255, 255, 0): 4,   # Yellow
    (128, 128, 128): 5, # Gray
    (255, 0, 255): 6,   # Magenta
    (255, 165, 0): 7,   # Orange
    (0, 255, 255): 8,   # Cyan
    (165, 42, 42): 9    # Brown
}

# Transform the test grid
transformed_grid = transform_grid(test_img, color_map)
transformed_grid

# Let's check the actual colors used in the test image
test_pixels = test_img.load()
width, height = test_img.size

# Collect unique colors
unique_colors = set()
for x in range(width):
    for y in range(height):
        unique_colors.add(test_pixels[x, y])

unique_colors

# Update color mapping for the identified colors
custom_color_map = {
    (0, 0, 0): 0,        # Black
    (0, 197, 67): 3,     # Green
    (204, 204, 204): 5,  # Gray
    (255, 255, 255): 5   # Treat white as gray for consistency in the transformed grid
}

# Transform the test grid again
transformed_grid = transform_grid(test_img, custom_color_map)
transformed_grid",Convert the grid into a 6x6 grid using the dominant non-black color.,0
2025-08-01T18:29:37,ExtractObjects,ExtractObjects5,1,low,0,mismatch,1,0 5 5 1 1 1 1 1 1 6 6 1 1 1 1 1 1 2 2 2 2 2 2 3 3 3 3 0 5 5 1 1 1 1 1 1 2 2 2 1 1 3 3 3 3 0 5 5 1 1 1 1 1 5 5 3 3 3 2 2 2 2 0 5 5 4 4 4 4 4 2 2 2 4 4 4 4 4 4 0 5 5 2 2 2 2 2 2 2 2 2 0 5 5 1 1 1 1 1 1 6 6 2 2 2 2 2 2,"The transformation involves identifying specific patterns or shapes within the grid and transforming those patterns into a compact horizontal representation on the right. Each distinct color or shape in the left grid corresponds to a compact rectangle of that color on the right side.

Rule: Detect each distinct colored shape or pattern in the grid and create a horizontal sequence of rectangles, each corresponding to a detected shape, with the same color as the shape.","from PIL import Image
import numpy as np

# Load the two images
image_train = Image.open('/mnt/data/file-6HWENqHRr9MJCHJyzUD52v-train.png')
image_test = Image.open('/mnt/data/file-KhCoAB68PaN7EhcFt4kztL-test_1.png')

# Convert images to numpy arrays
train_array = np.array(image_train)
test_array = np.array(image_test)

# Define a function to extract unique colors and counts
def extract_colors(image_array):
    # Reshape image to be a long list of colors
    reshaped_array = image_array.reshape(-1, image_array.shape[-1])
    # Find unique colors and their counts
    colors, counts = np.unique(reshaped_array, axis=0, return_counts=True)
    return colors, counts

# Get colors and counts for the left grids of the first image
train_colors, train_counts = extract_colors(train_array[:256, :256])
transformed_colors, transformed_counts = extract_colors(train_array[:256, 512:768])

# Print colors and counts
train_colors, train_counts, transformed_colors, transformed_counts","Detect each distinct colored shape or pattern in the grid and create a horizontal sequence of rectangles, each corresponding to a detected shape, with the same color as the shape.",0
2025-08-01T18:29:23,ExtractObjects,ExtractObjects5,2,low,0,mismatch,0,8 8 8 8 7 7 7 7 7 7 7 7 8 6 6 6 6 6 7 7 7 7 5 5 8 6 6 6 6,"The left grids are complex and colorful, while the right grids are simplified rows with single-colored blocks. The left grids are analyzed for distinct 4x4 patterns which appear to be single colors. The rule is to extract these patterns and arrange them in a 1D representation based on their original position.

Rule: Extract distinct 4x4 colored blocks from the original grid and arrange them horizontally without overlap.",,Extract distinct 4x4 colored blocks from the original grid and arrange them horizontally without overlap.,0
2025-08-01T18:30:32,ExtractObjects,ExtractObjects5,3,low,0,parse:non-integer token in row 1,0,5:Blue 6:Black 7:Blue 7:Black 6:Blue; 7:Blue 4:Black 3:Blue 5:Black 3:Blue; 3:Blue 3:Black 1:Blue 1:Black 1:Blue 1:Black 1:Blue 4:Black 3:Blue 7:Black 1:Blue; 7:Blue 3:Black 5:Blue 5:Black 2:Blue 1:Black 4:Blue; 3:Black 1:Blue 2:Black 2:Blue 6:Black 3:Blue 5:Black 5:Blue; 7:Blue 1:Black 5:Blue 1:Black 6:Blue 4:Black 2:Blue 2:Black 2:Blue; 3:Blue 4:Black 3:Blue 3:Black 3:Blue 2:Black 3:Blue 4:Black 1:Blue 2:Black; 4:Black 4:Blue 3:Black 4:Blue 1:Black 5:Blue 5:Black; 4:Black 1:Blue 1:Black 2:Blue 5:Black 6:Blue 1:Black 2:Blue 2:Black 2:Blue 1:Black; 5:Blue 6:Black 6:Blue,"The rule is to identify and compress contiguous blocks of the same color in each row of the input grid. This creates a new smaller grid where each block is represented by a continuous horizontal group of colored squares corresponding to its original color. Applying this rule to the second image results in several contiguous blocks of blue in each row collapsed into individual segments.

Rule: Compress contiguous horizontal blocks of each color into reduced rows each represented by single-colored segments, maintaining color order.",,"Compress contiguous horizontal blocks of each color into reduced rows each represented by single-colored segments, maintaining color order.",0
2025-08-01T18:28:15,ExtractObjects,ExtractObjects6,1,low,0,mismatch,0,"0 0 0 0 0 0 0 0 0 0
0 0 0 0 0 0 0 0 0 0
0 0 0 2 2 0 0 0 0 0
0 0 0 2 2 0 0 0 0 0
0 0 0 0 0 0 0 0 0 0
0 0 0 0 0 0 0 0 0 0
0 0 0 0 0 0 0 0 0 0
0 0 0 0 0 0 0 0 0 0
0 0 0 0 0 0 0 0 0 0
0 0 0 0 0 0 0 0 0 0","The first pair of images shows a transformation where a colorful shape (circle or line) is isolated and placed on a neutral (black) background. The second pair from the left image has a green rectangle with gray background transformed to a black rectangle on a black background, preserving its shape and position. Applying this to the new image means isolating the central cyan square on a black background while maintaining its arrangement.

Rule: Isolate colored shapes on a black background while maintaining shape and position.",,Isolate colored shapes on a black background while maintaining shape and position.,0
2025-08-01T18:30:01,ExtractObjects,ExtractObjects6,2,low,0,mismatch,1,"0 0 0 0 0 0 0
2 2 2 2 2 2 2
4 4 4 4 4 4 4
3 3 3 3 3 3 3
1 1 1 1 1 1 1
5 5 5 5 5 5 5","First, observe the transformation from the first image. The pattern suggests a reshaping where each horizontal and vertical line containing specific colors is transformed into an arrangement maintaining the same horizontal and vertical attributes but structured differently on the right side. In the second image, transformation appears on the colored vertical bars of uniform color. This suggests the rule is: transforming colored lines or blocks into a compact form. Applied to the test image, each visible segment from the left transforms into a compact right version.

Rule: Transform horizontal and vertical colored patterns into compact versions while preserving their core color.","from PIL import Image
import numpy as np

# Load images
train_image_path = '/mnt/data/file-P7nuXF9hrtnJdjRgudXeBD-train.png'
test_image_path = '/mnt/data/file-G7FKDF98FRv4F7vPWmRPvt-test_2.png'

train_img = Image.open(train_image_path)
test_img = Image.open(test_image_path)

# Convert images to numpy arrays
train_array = np.array(train_img)
test_array = np.array(test_img)

# Get unique colors
train_colors = np.unique(train_array.reshape(-1, train_array.shape[2]), axis=0)
test_colors = np.unique(test_array.reshape(-1, test_array.shape[2]), axis=0)

train_colors, test_colors",Transform horizontal and vertical colored patterns into compact versions while preserving their core color.,0
2025-08-01T18:32:51,ExtractObjects,ExtractObjects6,3,low,0,mismatch,1,7 7 7 7 7 7 7 7 7 7 7 7 7 7 7 7 7 7 7 7 7 3 3 3 3 3 7 3 3 3 3 3 7 3 7 7 7 7 3 3 3 3 7 3 7 7 7 7 3 3 3 3 7 3 7 7 7 7 3 3 3 3 7 7 7 7 7 7 7 7 7 7,"The transformation rule appears based on color blocking and alignment: the black background and magenta ring are preserved in specific rows and columns, creating a mass on the right half of the grid without altering the inner shape or size. The green grid seems to absorb parts in its path without changing color. Apply this rule to isolate the red horizontal and vertical zones, creating a black and red matrix on the right.

Rule: Preserve main colored areas as-is, if non-overlapping. Rotate or swap positions to the right in alternate grids, retaining black surrounding while maintaining original alignment; colors remain unchanged.","from PIL import Image
import numpy as np

# Load the images
train_image_path = '/mnt/data/file-U4wAxSQrzRdFStXsGDzcZf-train.png'
test_image_path = '/mnt/data/file-NURbywyVSfHTtRRWvLYJ27-test_3.png'

train_image = Image.open(train_image_path)
test_image = Image.open(test_image_path)

# Convert images to numpy arrays
train_array = np.array(train_image)
test_array = np.array(test_image)

train_array.shape, test_array.shape

from sklearn.cluster import KMeans

# Function to quantize the image to 10 colors and return the quantized array
def quantize_image(image_array, n_colors=10):
    # Reshape the array for clustering
    pixels = image_array.reshape(-1, 3)

    # Perform KMeans clustering
    kmeans = KMeans(n_clusters=n_colors, random_state=42)
    kmeans.fit(pixels)

    # Replace each pixel with the nearest cluster center
    quantized_pixels = kmeans.cluster_centers_[kmeans.labels_]
    quantized_array = quantized_pixels.reshape(image_array.shape).astype(int)

    return quantized_array, kmeans.cluster_centers_

# Quantize both train and test images
quantized_train_array, train_colors = quantize_image(train_array)
quantized_test_array, test_colors = quantize_image(test_array)

# View the identified colors for the train image
train_colors, quantized_train_array.shape","Preserve main colored areas as-is, if non-overlapping. Rotate or swap positions to the right in alternate grids, retaining black surrounding while maintaining original alignment; colors remain unchanged.",0
2025-08-01T18:29:34,ExtractObjects,ExtractObjects7,1,low,0,mismatch,0,"0 0 2 0 0 0 0 0
3 3 2 0 0 0 5 5
0 0 2 0 0 0 5 5
0 0 2 0 0 0 0 0
0 0 0 0 0 0 0 0
0 0 0 0 0 0 0 0
0 0 0 0 0 0 0 0
0 0 0 0 0 0 0 0","Examining the transformations, the rule appears to involve swapping the rows and columns of each grid.

Rule: Transpose the grid (swap rows and columns).",,Transpose the grid (swap rows and columns).,0
2025-08-01T18:28:09,ExtractObjects,ExtractObjects7,2,low,0,mismatch,0,"0 0 0 0 0 0
0 1 1 1 0 0
0 1 0 1 0 0
0 1 1 1 0 0
0 1 0 0 0 0
0 0 0 0 0 0
0 0 0 0 1 0
0 0 1 0 1 0
0 1 1 1 0 0
0 1 1 1 0 0
0 0 0 0 0 0","The transformation rule involves splitting the original two grids horizontally and then rearranging each half side by side. The transformation produces a new shape by reconnecting the split portions.

Rule: Split the grid horizontally into two parts and place each half side by side to form a new, reconnected horizontal grid.",,"Split the grid horizontally into two parts and place each half side by side to form a new, reconnected horizontal grid.",0
2025-08-01T18:28:53,ExtractObjects,ExtractObjects7,3,low,0,mismatch,0,"0 0 0 0 0 0 0 0 0 0 0 0
0 3 3 3 3 3 3 3 3 0 0 0
0 3 3 3 3 3 3 3 3 0 0 0
0 0 0 0 0 0 0 0 0 0 0 0
7 7 7 7 7 7 7 7 7 0 0 0
0 0 0 0 0 0 0 0 0 0 0 0
0 0 0 0 0 0 0 0 0 0 0 0
0 0 0 0 0 0 0 0 0 0 0 0
0 3 3 3 3 3 3 3 3 0 0 0
0 3 3 3 3 3 3 3 3 0 0 0
0 0 0 0 0 0 0 0 0 0 0 0
0 0 0 0 0 0 0 0 0 0 0 0","In the provided example, each grid is transformed by reducing its size while preserving the arrangement of colors of the inner shapes. The blue square, green line, and yellow square with a black center are simplified to a sequence of their prominent features. This results in a condensed grid, retaining the shape and color arrangement while leaving out some black boundaries. The essential colored parts are kept, and others are reduced to create a smaller or more condensed version of the original, only keeping the significant colored patterns.

Rule: Condense each grid by extracting and preserving the essential colored features while minimizing the black background.",,Condense each grid by extracting and preserving the essential colored features while minimizing the black background.,0
2025-08-01T18:29:32,ExtractObjects,ExtractObjects8,1,low,0,mismatch,1,"5 5 5 5 5 5
5 5 5 5 5 5
5 5 5 5 5 5
5 5 5 5 5 5
5 5 5 5 5 5
5 5 5 5 5 5","The transformation changes green to yellow and retains black shapes, adjusting them to a cross pattern.

Rule: Change the background color from magenta to yellow. Transform the black square into a black cross pattern.","from PIL import Image
import numpy as np

# Load the images
train_image_path = '/mnt/data/file-N7TwkwnX7fsx5EYbaYKsGT-train.png'
test_image_path = '/mnt/data/file-8uEFKm3jc4Xgvz169k3A4V-test_1.png'

# Convert images to RGB arrays
train_image = Image.open(train_image_path).convert('RGB')
test_image = Image.open(test_image_path).convert('RGB')

# Convert images to numpy arrays
train_array = np.array(train_image)
test_array = np.array(test_image)

train_array.shape, test_array.shape

# Define a function to extract unique colors from an image array
def get_unique_colors(image_array):
    # Reshape to a list of colors and remove duplicates
    unique_colors = np.unique(image_array.reshape(-1, image_array.shape[2]), axis=0)
    return unique_colors

# Extract unique colors from the training image
unique_colors_train = get_unique_colors(train_array)
unique_colors_train

# Define colors for easy reference
colors = {
    ""black"": [0, 0, 0],
    ""green"": [0, 197, 67],
    ""yellow"": [255, 215, 49]
}

def extract_grid(image_array, start_x, start_y, grid_size, cell_size=8):
    """"""
    Extract a grid of given size from the image array starting at (start_x, start_y).
    The grid consists of blocks of pixels with a given cell size.
    """"""
    grid = []
    for row in range(grid_size[0]):
        grid_row = []
        for col in range(grid_size[1]):
            # Extract the cell
            cell = image_array[start_y + row*cell_size:start_y + (row+1)*cell_size,
                               start_x + col*cell_size:start_x + (col+1)*cell_size]
            # Determine the dominant color in the cell
            unique_colors, counts = np.unique(cell.reshape(-1, cell.shape[2]), axis=0, return_counts=True)
            dominant_color = unique_colors[counts.argmax()]
            grid_row.append(dominant_color)
        grid.append(grid_row)
    return np.array(grid)

# Starting coordinates for grids in the training image
left_grid_1_start = (0, 0)
left_grid_2_start = (552, 0)
right_grid_1_start = (0, 652)
right_grid_2_start = (552, 652)

# Extract grids from training image
grid_size_1 = (11, 11)
grid_size_2 = (3, 3)
left_grid_1 = extract_grid(train_array, *left_grid_1_start, grid_size_1)
left_grid_2 = extract_grid(train_array, *left_grid_2_start, grid_size_2)
right_grid_1 = extract_grid(train_array, *right_grid_1_start, grid_size_1)
right_grid_2 = extract_grid(train_array, *right_grid_2_start, grid_size_2)

(left_grid_1, left_grid_2), (right_grid_1, right_grid_2)

# Define transformation rule
def transform_grid(grid, original_color, new_color):
    transformed_grid = []
    for row in grid:
        transformed_row = []
        for cell in row:
            if (cell == original_color).all():
                transformed_row.append(new_color)
            elif (cell == colors['black']).all():
                transformed_row.append(colors['black'])
            else:
                transformed_row.append(cell)
        transformed_grid.append(transformed_row)
    return np.array(transformed_grid)

# Extract the test grid
test_grid_start = (0, 0)
test_grid_size = (6, 6)  # Based on observed pattern and expected conversion
test_grid = extract_grid(test_array, *test_grid_start, test_grid_size)

# Apply the transformation rule: Magenta to Yellow and modify black pattern to cross
transformed_test_grid = transform_grid(test_grid, [255, 0, 255], colors['yellow'])

# Convert to JSON-friendly format (0: black, 1: yellow, rest: background)
grid_description = [[1 if (cell == colors['yellow']).all() else 0 if (cell == colors['black']).all() else 5 for cell in row] for row in transformed_test_grid]

grid_description",Change the background color from magenta to yellow. Transform the black square into a black cross pattern.,0
2025-08-01T18:28:41,ExtractObjects,ExtractObjects8,2,low,0,mismatch,1,2 2 2 2 2 2 2 2 2 2 2 2 2 2 2 2 2 2 2 2 2 2 2 2 2 2 2 2 2 2 2 2 2 2 2 2 2 2 2 0 0 0 0 0 0 2 2 2 2 2 2 2 2 2 2 2 2 2 2 2 2 2 2 2 0 0 0 0 0 0 0 2 2 2 2 2 2 2 2 2 2 2 2 2 2 2 2 2 2 2 0 0 0 0 0 0 0 0 2 2 2 2 2 2 2 2 2 2 2 0 0 0 0 0 0 0 0 2 2 2 2 2 2 2 2 2 2 2 2 2 0 0 0 0 0 0 0 0 2 2 2 2 2 2 2 2 2 2 2 2 2 2 2 0 0 0 0 0 0 0 0 2 2 2 2 2 2 2 2 2 2 2 2 2 2 2 0 0 0 0 0 0 0 2 2 2 2 2 2 2 2 2 2 2 2 2 2 2 2 2 2 2 2 0 0 0 0 0 2 2 2 2 2 2 2 2 2 2 2 2 2 2 2 2 2 2 2 2 2 2 2 2 2 2 2 2 2 2 2 2 2,"The left grids in the first image transform a green background with a black shape by rotating the black shape 45 degrees and changing the background to yellow. I apply this rule to the second image, rotating black elements and changing the blue background to yellow.

Rule: Rotate black shapes 45 degrees and change background color to yellow.","from PIL import Image
import numpy as np

# Load images
train_image_path = '/mnt/data/file-1ZGaaagERDq4HVXpqYUPZE-train.png'
test_image_path = '/mnt/data/file-3xGtyqia43aYbR6yb82YkN-test_2.png'

train_image = Image.open(train_image_path)
test_image = Image.open(test_image_path)

# Convert images to numpy arrays
train_array = np.array(train_image)
test_array = np.array(test_image)

train_array.shape, test_array.shape",Rotate black shapes 45 degrees and change background color to yellow.,0
2025-08-01T18:29:55,ExtractObjects,ExtractObjects8,3,low,0,mismatch,0,3 3 3 3 3 3 3 3 3 3 3 3 3 3 3 3 3 3 3 3 3 3 0 0 0 0 3 3 3 3 3 3 3 3 3 3 0 3 3 3 3 3 0 3 3 3 3 0 3 3 3 3 3 0 3 3 3 3 3 0 3 3 3 3 3 0 3 3 3 3 0 3 3 3 3 0 3 3 3 0 0 0 0 3 3 3 3 3 3 3 3 3 3 3 3 3 3 3 3 3 3 3 3 3 3 3 3 3 3 3 3 3 3 3 3 3 3,"In the first image, both grids on the left contain black patterns with a green background, which are transformed into the same black patterns on a yellow background on the right. The rule is to change the background color from green to yellow while keeping the black pattern intact.

Rule: Change the background color of each grid from its current color to yellow while preserving black patterns.",,Change the background color of each grid from its current color to yellow while preserving black patterns.,0
2025-08-01T18:31:04,ExtractObjects,ExtractObjects9,1,low,0,mismatch,0,"0 0 3 3 3 3
0 0 3 4 4 3
0 0 4 4 4 4
0 0 4 3 4 3
0 0 3 4 3 3
0 0 3 3 3 3","Analyzing the transformations, the top-left grid is shrunk to highlight a center pattern surrounded by the main color. Observing the two examples, both left grids have their innermost structure extracted and resized. Applying this to the third grid, the center pattern is made prominent.

Rule: Extract the innermost pattern surrounded by its immediate block and shrink it into a smaller grid, highlighting the pattern.",,"Extract the innermost pattern surrounded by its immediate block and shrink it into a smaller grid, highlighting the pattern.",0
2025-08-01T18:28:34,ExtractObjects,ExtractObjects9,2,low,0,mismatch,1,"0 1 1 1 0 0 0 0
0 1 3 1 0 0 0 0
0 1 1 1 0 0 0 0
0 0 0 0 0 0 0 0
0 0 0 0 0 0 0 0
0 0 0 0 0 0 0 0
0 0 0 0 0 0 0 0
0 0 0 0 0 0 0 0","To solve the transformation rule, examine the color mappings and layout. The first image's left grids have more colors mapped than the second image's grid, hinting at a simplification process. Moreover, in both examples, the black borders remain the same. On the right-side transformations, the inner pattern is isolated and placed in a new location. Applied to the second image, this involves extracting the inner pattern and positioning it separately.

Rule: Identify the inner colored pattern and recreate it at a simplified position keeping the border intact.","from PIL import Image
import numpy as np

# Load the images
train_image = Image.open(""/mnt/data/file-YQfSeGM9EQqkxaJuyXgTnB-train.png"")
test_image = Image.open(""/mnt/data/file-6gbaScKddsoDtToLetZwXX-test_2.png"")

# Convert images to numpy arrays
train_array = np.array(train_image)
test_array = np.array(test_image)

train_array.shape, test_array.shape

def extract_grid_colors(image_array):
    # Get unique colors in the image
    unique_colors = np.unique(image_array.reshape(-1, image_array.shape[2]), axis=0)
    
    # Create a dictionary to map colors to indices
    color_to_index = {tuple(color): index for index, color in enumerate(unique_colors)}
    
    # Map the image to the index grid
    index_grid = np.apply_along_axis(lambda pixel: color_to_index[tuple(pixel)], 2, image_array)
    
    return index_grid, color_to_index

# Extract color indices for train and test images
train_index_grid, train_color_to_index = extract_grid_colors(train_array)
test_index_grid, test_color_to_index = extract_grid_colors(test_array)

train_color_to_index, test_color_to_index",Identify the inner colored pattern and recreate it at a simplified position keeping the border intact.,0
2025-08-01T18:30:44,ExtractObjects,ExtractObjects9,3,low,0,mismatch,1,0 0 0 0 0 0 0 0 0 0 0 0 0 0 0 0 0 0 0 0 0 0 0 0 0 0 0 0 0 0 0 0 0 0 0 0 0 0 0 0 0 0 0 0 0 0 0 0 0 0 0 571 2 2 2 2 2 2 2 2 2 2 2 2 2 2 2 2 2 2 2 2 2 2 2 2 2 2 2 2 2 2 2 2 2 2 2 2 2 2 2 2 2 2 2 2 2 2 2 2 2 2 2 2 2 2 2 2 2 2 2 3 2 2 2 2 2 2 2 2 2 2 2 2 2 2 2 2 2 2 2 2 2 2 2 2 2 2 2 2 2 2 2 2 2 2 2 2 2 2 2 2 2 2 2 2 2 2 2 2 2 2 2 2 2 2 2 2 2 2 2 2 2 2 2 2 2 2 2 2 2 2 2 2 2 2 2 2 2 2 2 2 2 2 2 2 2 2 2 2 2 2 2 2 2 2 2 2 2 2 2 2 2 2 2 2 2 2 2 2 2 2 2 2 2 3 2 2 2 2 2 2 2 2 2 2 2 2 2 2 2 2 2 2 2 2 2 2 2 2 2 2 2 2 2 2 2 2 2 2 2 2 2 2 2 2 2 2 2 2 2 2 2 2 2 2 2 2 2 2 2 2 2 2 2 2 571 0 0 0 0 0 0 0 0 0 0 0 0 0 0 0 0 0 0 0 0 0 0 0 0 0 0 0 0 0 0 0 0 0 0 0 0 0 0 0 0 0 0 0 0 0 0,"The transformation rule involves extracting the central area of a grid and ignoring the black borders. The pattern in the central area dictates the resulting smaller grid.

Rule: Extract the central non-border pattern from the grid, maintaining color patterns.","from PIL import Image

# Load the first image to analyze the transformation rule
img1_path = '/mnt/data/file-VrBt5k9YeqSw3VkAdzcv9o-train.png'
img1 = Image.open(img1_path)

img1.show()

# Convert the first image to a color map to analyze the colors
import numpy as np

# Convert the image to an array and analyze unique colors
img1_array = np.array(img1)
unique_colors, unique_counts = np.unique(img1_array.reshape(-1, img1_array.shape[2]), axis=0, return_counts=True)

unique_colors, unique_counts

# Load the second image to apply the transformation rule
img2_path = '/mnt/data/file-KunwjSAq6PfobzvDQyitas-test_3.png'
img2 = Image.open(img2_path)

img2.show()

# Extract the central pattern from the second image (ignoring borders)
img2_array = np.array(img2)

# Assuming Python indexing (0-based), extract non-border area
# Non-border area starts one row/column in from the black edges
non_border_area = img2_array[2:-2, 2:-2]

# Determine unique colors and create a 0-index map for colors for description
unique_colors_img2 = np.unique(non_border_area.reshape(-1, non_border_area.shape[2]), axis=0)

# Map colors to indexes
color_index_map = {tuple(color): idx for idx, color in enumerate(unique_colors_img2)}
indexed_grid = np.vectorize(lambda x: color_index_map[tuple(x)], signature='(n)->()')(non_border_area)

indexed_grid.tolist(), color_index_map","Extract the central non-border pattern from the grid, maintaining color patterns.",0
