"timestamp","concept","puzzle","test_idx","is_correct","err","tools_used","answer","summary","Rule_correct","rule_evaluation_reasoning","Rule","validated","Rule_correct_label","validation_level","starred","programming_calls"
"2025-09-08T16:32:38","AboveBelow","AboveBelow1","1","0","mismatch","0","0 6 6 0 0 6 6 6 0 6
0 6 6 0 0 6 6 6 0 6
0 0 0 0 0 6 6 6 0 0
4 4 4 4 4 4 4 4 4 4
0 0 0 0 0 0 0 0 0 0
0 0 0 0 0 0 0 0 0 0
0 6 6 6 0 0 0 0 0 0
0 6 6 6 0 0 0 0 0 0
0 6 6 6 0 0 0 0 0 0
0 0 0 0 0 0 0 0 0 0
0 0 0 0 0 0 0 0 0 0
0 6 6 6 6 0 0 0 0 0
0 6 6 6 6 0 0 0 0 0
0 6 6 6 6 0 0 0 0 0","The transformation rule appears to be that any 4x4 or larger square of the same number is reduced to a single pixel of that number on the border of the square, while maintaining the original values for non-square and smaller square regions.","0","","For any 4x4 or larger square of the same number, only keep the border pixels and remove the inner pixels.","0","Incorrect","0","0",""
"2025-09-08T16:32:38","AboveBelow","AboveBelow1","2","0","mismatch","0","0 0 0 0 0 0 0 0 0 0 0 0 0
0 0 0 0 0 0 0 0 0 0 0 0 0
0 0 0 0 0 0 0 0 0 0 0 0 0
0 0 0 0 0 0 0 0 0 0 0 0 0
0 0 0 0 0 0 0 0 0 0 0 0 0
0 0 0 0 0 0 0 0 0 0 0 0 0","The transformation rule appears to be that any 4x4 or larger square of the same non-zero value is reduced to zero in the output grid, while smaller squares or isolated values remain unchanged.","0","","Remove 4x4 or larger squares of the same non-zero value","0","Incorrect","0","0",""
"2025-09-08T16:32:38","AboveBelow","AboveBelow1","3","0","mismatch","0","0 0 0 0 0 0 0 0 0 0 0 0
0 0 0 0 0 0 0 0 0 0 0 0
0 0 0 0 0 0 0 0 0 0 0 0
0 0 0 0 0 0 0 0 0 0 0 0
0 0 0 0 0 0 0 0 0 0 0 0
0 0 0 0 0 0 0 0 0 0 0 0
0 0 0 0 0 0 0 0 0 0 0 0
0 0 0 0 0 0 0 0 0 0 0 0
0 0 0 0 0 0 0 0 0 0 0 0
0 0 0 0 0 0 0 0 0 0 0 0","The transformation rule appears to be that any 2x2 or larger square of the same non-zero value is reduced to zero, while other values remain unchanged. In the given examples, squares of 4, 6, and 1 are reduced to zero in the output. Similarly, for the test input grid, the 2x2 or larger squares of 5 will be reduced to zero.","0","","Any 2x2 or larger square of the same non-zero value is set to zero.","0","Incorrect","0","0",""
"2025-09-08T16:32:38","AboveBelow","AboveBelow10","1","1","","0","0 0 2 2 2 2 2 2 2 2 2 2 2 
0 2 2 2 2 2 2 2 2 2 2 2 2 
2 2 2 2 2 2 2 2 2 2 2 2 2","The transformation rule appears to be a cumulative sum or fill-down rule, where each cell's value is propagated downwards and fills in all cells below it until a non-zero value is encountered. In the given examples, the input grid has a single non-zero value in each row or column, and the output grid fills in all cells below and to the right of the non-zero value with the same value. For the test input grid, the non-zero values are at positions (2,1), (1,2), and (0,3). Applying the rule, the output grid will fill in all cells below and to the right of these positions with the corresponding values.","1","","Cumulative fill-down rule","0","Correct","0","0",""
"2025-09-08T16:32:38","AboveBelow","AboveBelow10","2","0","mismatch","0","0 0 0 0 0 0 0 0 0 0 0 0
0 0 0 0 0 0 0 0 0 0 0 0
0 0 0 0 0 0 0 0 0 0 0 0
0 0 0 0 0 0 0 0 0 0 0 0
0 0 0 0 0 0 0 0 0 0 0 0
0 0 0 0 0 0 0 0 0 0 0 0
0 0 0 0 0 0 0 0 0 0 0 0
6 0 0 0 0 0 0 0 0 0 0 0
6 6 0 0 0 0 0 0 0 0 0 0
6 6 6 0 0 0 0 0 0 0 0 0
6 6 6 6 0 0 0 0 0 0 0 0
6 6 6 6 6 0 0 0 0 0 0 0","The transformation rule appears to be a cumulative sum or propagation from the top-left to the bottom-right of the grid. For each cell, if the input cell is non-zero, the output cell is the sum of all input cells above and to the left of it, including itself. If the input cell is zero, the output cell remains zero.","0","","Cumulative sum from top-left","0","Incorrect","0","0",""
"2025-09-08T16:32:38","AboveBelow","AboveBelow10","3","1","","0","0 0 0 0
0 0 0 0
8 8 8 8
8 8 8 8
8 8 8 8
8 8 8 8
8 8 8 8
8 8 8 8
8 8 8 8
8 8 8 8","The transformation rule appears to be a cumulative sum or fill rule, where each cell's value in the output grid is determined by the number of non-zero cells above and to the left of it in the input grid, effectively 'filling in' from the top-left. In Example 1, the 4s in the input grid act as a 'source' that fills in all cells below and to the right of it with 4s in the output grid. Similarly, in Example 2, the 3s fill in the grid. For the test input, the 8s will fill in the grid according to this rule.","1","","Fill in non-zero values cumulatively from top-left","0","Correct","0","0",""
"2025-09-08T16:32:38","AboveBelow","AboveBelow2","1","0","mismatch","0","0 0 0 0 0 0 0 0 0 0
0 0 0 0 0 0 0 0 0 0
0 0 0 0 0 0 0 0 0 0
0 0 0 0 0 0 0 0 0 0
0 0 0 0 0 0 0 0 0 0
0 0 0 0 0 0 0 0 0 0
0 0 0 0 0 0 0 0 0 0
0 0 0 0 0 0 0 0 0 0
0 0 0 0 0 0 0 0 0 0
0 0 0 0 0 0 0 0 0 0","The transformation rule appears to be that all numbers in the input grid are set to 0 in the output grid, while maintaining the same grid structure.","0","","All numbers are set to 0","0","Incorrect","0","0",""
"2025-09-08T16:32:38","AboveBelow","AboveBelow2","2","0","parse:non-integer token in row 1","0","[[0, 0, 0, 0, 0, 0, 0, 0, 0, 0, 0], [0, 0, 0, 0, 0, 0, 0, 0, 0, 0, 0], [0, 0, 0, 0, 0, 0, 0, 0, 0, 0, 0], [0, 0, 0, 0, 0, 0, 0, 0, 0, 0, 0], [0, 0, 0, 0, 0, 0, 0, 0, 0, 0, 0], [0, 0, 0, 0, 0, 0, 0, 0, 0, 0, 0], [0, 0, 0, 0, 0, 0, 0, 0, 0, 0, 0], [0, 0, 0, 0, 0, 0, 0, 0, 0, 0, 0], [0, 0, 0, 0, 0, 0, 0, 0, 0, 0, 0], [0, 0, 0, 0, 0, 0, 0, 0, 0, 0, 0]]","The transformation rule appears to be that all numbers in the input grid are set to 0 in the output grid, except for sequences of the same number that are not interrupted by other numbers or zeros, which are kept if they are at least 3 cells long (or 2 cells long if at the edge of the grid) but any number sequences less than 3 cells long (or 2 cells if at the edge) are set to 0. However, a simpler and more consistent rule can be observed: all input values are set to 0 in the output, except for blocks of identical numbers that are three or more cells long which keep their original value.","0","","All numbers are replaced by 0, except sequences of 3 or more identical numbers.","0","Incorrect","0","0",""
"2025-09-08T16:32:38","AboveBelow","AboveBelow2","3","0","mismatch","0","0 0 0 0 0 0 0 0 0 0 0 0 0 0
0 0 0 0 0 0 0 0 0 0 0 0 0 0
0 0 0 0 0 0 0 0 0 0 0 0 0 0
0 0 0 0 0 0 0 0 0 0 0 0 0 0
0 0 0 0 0 0 0 0 0 0 0 0 0 0
0 0 0 0 0 0 0 0 0 0 0 0 0 0
0 0 0 0 0 0 0 0 0 0 0 0 0 0
0 0 0 0 0 0 0 0 0 0 0 0 0 0
0 0 0 0 0 0 0 0 0 0 0 0 0 0
0 0 0 0 0 0 0 0 0 0 0 0 0 0
0 0 0 0 0 0 0 0 0 0 0 0 0 0
0 0 0 0 0 0 0 0 0 0 0 0 0 0
0 0 0 0 0 0 0 0 0 0 0 0 0 0","The transformation rule appears to be that all numbers in the input grid are set to 0 in the output grid, while maintaining the same grid structure.","0","","All numbers are set to 0","0","Incorrect","0","0",""
"2025-09-08T16:32:38","AboveBelow","AboveBelow3","1","0","mismatch","0","0 0 0 0 0 0 0 0 0
0 0 1 1 1 1 1 0 0
0 0 0 0 0 0 0 0 0
0 0 0 0 0 0 0 0 0
0 0 0 0 0 0 0 0 0
0 0 5 5 5 5 5 0 0
0 0 5 5 5 5 5 0 0
0 0 5 5 5 5 5 0 0
0 0 5 5 5 5 5 0 0
0 0 5 5 5 5 5 0 0
0 0 0 0 0 0 0 0 0
0 0 0 0 0 0 0 0 0
0 0 0 0 0 0 0 0 0","The transformation rule appears to be shifting the non-zero values in the input grid one position to the top-left. If a non-zero value is already at the top or left edge, it remains in place. All other values, including zeros, remain unchanged.","0","","shift non-zero values one position to the top-left","0","Incorrect","0","0",""
"2025-09-08T16:32:38","AboveBelow","AboveBelow3","2","1","","0","0 0 0 0 0 0 0 0 0
0 0 0 0 1 1 1 0 0
0 0 4 4 4 4 4 0 0
0 0 4 0 0 0 4 0 0
0 0 4 0 0 0 4 0 0
0 0 4 0 0 0 4 0 0
0 0 4 4 4 4 4 0 0
0 0 0 0 0 0 0 0 0
0 0 0 1 1 1 1 0 0","The transformation rule appears to involve shifting or moving certain patterns within the grid. Upon closer inspection, it seems that the rule is to move the entire row of a certain number up by one cell if it is not at the top row and is surrounded by zeros above and below it, or if it is at the top row, it stays the same. However, a simpler and more consistent rule can be observed: numbers in the input grid are shifted up if possible, i.e., if there is an empty space (zero) above them.","1","","Shift numbers up if possible","0","Correct","0","0",""
"2025-09-08T16:32:38","AboveBelow","AboveBelow3","3","0","parse:non-integer token in row 1","0","[[0, 0, 0, 0, 0, 0, 0, 0, 0, 0], [0, 0, 0, 0, 0, 0, 0, 0, 0, 0], [0, 0, 0, 5, 5, 5, 5, 0, 0, 0], [0, 0, 0, 5, 5, 5, 5, 0, 0, 0], [0, 0, 0, 5, 5, 5, 5, 0, 0, 0], [0, 0, 0, 5, 5, 5, 5, 0, 0, 0], [0, 0, 0, 5, 5, 5, 5, 0, 0, 0], [0, 0, 0, 0, 0, 0, 0, 0, 0, 0], [0, 0, 0, 0, 0, 0, 0, 0, 0, 0], [0, 0, 0, 0, 0, 0, 0, 0, 0, 0]]","The transformation rule appears to involve shifting or moving certain patterns within the grid. Upon closer inspection, it seems that the output grid is obtained by moving the non-zero value regions in the input grid to the top and left edges of the grid, while maintaining their internal structure and values. In the given examples, the regions of non-zero values seem to 'move' towards the edges of the grid, effectively relocating to the nearest edge while preserving their shape and value.","0","","Move non-zero regions to the nearest edge of the grid.","0","Incorrect","0","0",""
"2025-09-08T16:32:38","AboveBelow","AboveBelow4","1","0","mismatch","0","0 0 0 0 0 0 0 0 0 0 0 0
0 0 0 6 6 6 6 6 0 0 0 0
0 0 0 0 0 0 0 0 0 0 0 0
0 0 0 0 0 0 0 0 0 0 0 0
0 0 0 0 0 0 0 0 0 6 6 6
1 1 1 1 1 1 1 1 1 1 1 1
0 0 0 0 0 0 0 0 0 0 0 0
0 6 6 6 6 6 6 0 0 0 0 0
0 0 0 0 0 0 0 0 0 6 6 6","The transformation rule appears to involve a simple replacement or modification of values based on their positions and neighboring values. Upon examining the provided examples, it seems that the rule involves multiplying or replacing certain values with others in a patterned way, specifically considering sequences of the same number. In Example 1, values of 2 are replaced with 4 or 2 in certain positions, suggesting a possible shift or cycling of values. In Example 2, a value of 3 is replaced with 6 in certain positions, suggesting a doubling. The rule seems to involve a form of value doubling or shifting based on position and neighboring values.","0","","Doubling of certain values in sequences","0","Incorrect","0","0",""
"2025-09-08T16:32:38","AboveBelow","AboveBelow4","2","0","mismatch","0","0 0 0 0 8 4 0 0 0 0
0 0 0 0 0 0 0 0 0 0
3 3 3 3 3 3 3 3 3 3
0 0 0 0 0 0 0 0 0 0
0 0 0 0 4 8 4 4 4 4
0 0 0 0 0 0 0 0 0 0","The transformation rule appears to involve a propagation or shifting of values in a specific pattern. By examining the provided examples, it seems that the rule involves moving or copying values from one cell to another in a manner that depends on the neighborhood of the cell. Specifically, the output grid seems to have values shifted or copied from the input grid in a way that depends on the proximity of cells to each other. The values seem to be moving in a pattern that prioritizes adjacent cells, and in some cases, values seem to be doubled or increased in a specific manner.","0","","Values in the output grid are determined by taking the value from the input grid and applying a transformation based on the neighborhood. It appears that if a cell has a value, it is copied or moved to adjacent cells in a specific pattern. In cases where there are multiple values in close proximity, the values seem to be combined or increased.","0","Incorrect","0","0",""
"2025-09-08T16:32:38","AboveBelow","AboveBelow4","3","0","mismatch","0","0 0 0 0 0 0 0 0 0 0 0
0 6 6 6 6 6 6 6 6 6 6
5 5 5 5 5 5 5 5 5 5 5
0 6 6 6 6 6 6 6 6 6 6
0 0 0 0 0 0 0 0 0 0 0","The transformation rule appears to involve replacing certain numbers in the input grid based on their neighboring values. Specifically, for any given cell, if it is surrounded by or adjacent to other cells with the same value, that value seems to be transformed or propagated. In Example 1, the number 2 in the input grid becomes 4 or remains 2 in the output grid based on its position relative to other 2s. Similarly, in Example 2, the number 3 becomes 6. The rule seems to be that a cell's value is multiplied by 2 if it is adjacent to another cell with the same value. For cells that are part of a larger group of the same value, the transformation seems consistent.","0","","A cell's value is doubled if it shares an edge with another cell of the same value.","0","Incorrect","0","0",""
"2025-09-08T16:32:38","AboveBelow","AboveBelow5","1","0","parse:non-integer token in row 1","0","[[0, 0, 0, 5, 0, 0, 0, 0], [0, 0, 0, 5, 0, 0, 0, 0], [0, 0, 0, 6, 0, 0, 0, 0], [0, 0, 0, 6, 0, 0, 0, 5], [5, 0, 0, 6, 0, 0, 0, 5], [6, 0, 0, 6, 0, 0, 0, 6], [5, 0, 0, 6, 0, 0, 0, 5], [5, 0, 0, 6, 0, 0, 0, 5]]","The transformation rule appears to involve replacing numbers in the input grid based on their values and positions. Specifically, it seems that the highest number in a column of the input grid becomes the number in that column in the output grid, propagating downwards. Other numbers are replaced with 0 or remain the same if they are already the highest in their column. The given examples suggest a 'flood fill' or propagation effect from top to bottom.","0","","Replace each column's elements with the maximum value in that column, propagating from top to bottom.","0","Incorrect","0","0",""
"2025-09-08T16:32:38","AboveBelow","AboveBelow5","2","0","mismatch","0","0 0 0 0 0 0
8 8 2 8 0 0
8 8 2 8 0 0
8 8 2 8 0 0
8 8 2 8 0 0
8 8 2 8 0 0
8 8 2 8 0 0
8 8 2 8 0 0
8 8 2 2 0 0","The transformation rule appears to involve replacing numbers in the input grid based on their positions and values. Specifically, it seems that the highest number in a column of the input grid becomes the value in the same column of the output grid, but only if it's not zero. If there are no non-zero values in a column, the column remains unchanged. Otherwise, non-zero values in that column are replaced by the maximum value found in that column across the input grid.","0","","Replace non-zero values in each column with the maximum non-zero value in that column","0","Incorrect","0","0",""
"2025-09-08T16:32:38","AboveBelow","AboveBelow5","3","0","parse:non-integer token in row 1","0","[[9, 9, 9, 9, 9, 9, 9, 9, 9, 9, 9, 9], [9, 9, 9, 9, 9, 9, 9, 9, 9, 9, 9, 9], [9, 9, 9, 9, 9, 9, 9, 9, 9, 9, 9, 9], [1, 1, 1, 1, 1, 1, 1, 1, 1, 1, 1, 9]]","The transformation rule appears to involve replacing numbers in the input grid based on their values and positions. In the given examples, the numbers seem to 'move' or get replaced by other numbers in a specific pattern. Upon closer inspection, it seems that the rule could be related to the maximum value in a column or a specific pattern of number replacement. For instance, in Example 1, the number 1 gets replaced by 3 if it's below or in the same column as a larger number (3 in this case). A similar pattern is observed in Example 2, where numbers get replaced based on their values and positions. The output grid seems to have the largest number in each column propagate downwards.","0","","Replace each number in the input grid with the largest number in its column that is located at or above it.","0","Incorrect","0","0",""
"2025-09-08T16:32:38","AboveBelow","AboveBelow6","1","1","","0","0 0 0 0 0 0 0 0 0 0
0 0 0 0 0 0 0 0 0 0
0 0 0 0 3 3 3 3 3 3
0 2 2 0 3 3 3 3 3 3
0 2 2 0 2 2 2 2 2 2
0 2 2 0 0 0 0 0 0 0
0 2 2 0 0 0 0 0 0 0
0 2 2 0 0 0 0 0 0 0","The transformation rule appears to be a propagation or diffusion rule, where values in the input grid are modified based on their proximity to other values. Specifically, it seems that when a cell has a value, and there is another cell with a value below it, the value from the cell above will propagate down until it reaches a cell that already has a value or a boundary. In Example 1, the value 2 propagates up, and in Example 2, the value 2 propagates down. The rule seems to prioritize horizontal propagation over vertical propagation when values are equal.","1","","Propagate values down until reaching a boundary or another value","0","Correct","0","0",""
"2025-09-08T16:32:38","AboveBelow","AboveBelow6","2","0","mismatch","0","0 0 0 0 0 0 0 0 0 0 0 0 0
0 0 0 0 0 0 0 0 0 0 0 0 0
0 0 0 0 0 0 0 0 0 0 0 0 0
8 8 8 8 8 8 8 8 8 8 8 8 8
8 8 8 8 8 8 8 8 2 2 2 2 2
2 2 2 2 8 8 8 8 8 8 8 8 8
8 8 8 8 8 8 8 8 8 8 8 8 8
0 0 0 0 0 0 0 0 0 0 0 0 0
0 0 0 0 0 0 0 0 0 0 0 0 0
0 0 0 0 0 0 0 0 0 0 0 0 0","The transformation rule appears to be a propagation or diffusion rule, where values in the input grid are modified based on their neighbors. Observing the provided examples, it seems that the rule changes the values of cells based on the presence of similar values in adjacent cells, effectively spreading or propagating certain values downwards.","0","","Values of 2 propagate downwards, replacing values of 4, 5, or 8 if they are directly above a cell with value 2. Other values remain unchanged.","0","Incorrect","0","0",""
"2025-09-08T16:32:38","AboveBelow","AboveBelow6","3","0","mismatch","0","0 0 0 0 0 0 0
0 0 0 0 0 0 0
0 0 0 0 0 0 0
2 2 0 0 0 2 1
2 2 0 0 0 2 2
2 2 0 0 0 2 2
2 2 0 0 0 2 2
2 2 0 0 0 2 2
2 2 0 0 0 2 2","The transformation rule appears to be a propagation or diffusion rule, where values in the input grid are modified based on their proximity to other values. Specifically, it seems that values of 2 propagate downwards, replacing values of 1, and values of 5 also propagate but only seem to affect values directly below them or in their vicinity, turning some of them into the same value. For the given test input, applying a similar propagation rule, values of 2 and 1 seem to be turning into 2 where they are in proximity vertically.","0","","Propagation of values downwards, specifically 2 replaces 1 when directly above.","0","Incorrect","0","0",""
"2025-09-08T16:32:38","AboveBelow","AboveBelow7","1","0","mismatch","0","0 0 0 0 0 0 0 0 0 0
0 4 4 4 0 4 4 4 4 0
0 0 4 0 0 0 4 4 0 0
0 3 3 3 0 3 3 3 3 0
0 3 0 3 0 3 0 0 3 0
0 3 3 3 0 3 0 0 3 0
0 0 0 0 0 3 0 0 3 0
0 0 0 0 0 3 0 0 3 0
0 0 0 0 0 3 3 3 3 0
0 0 0 0 0 0 0 0 0 0
0 0 0 0 0 0 0 0 0 0
0 0 0 0 0 0 0 0 0 0","The transformation rule appears to involve swapping certain numbers in the grid. Specifically, in the examples provided, 3 and 4 seem to swap places, while other numbers remain unchanged. This rule is consistently applied across both examples.","0","","Swap 3 and 4","0","Incorrect","0","0",""
"2025-09-08T16:32:38","AboveBelow","AboveBelow7","2","0","mismatch","0","0 2 0 0 0 2 0 0 0 0 0 0 0 0
0 0 2 2 2 0 0 0 0 0 0 0 0 0
0 1 1 1 1 1 1 0 2 0 0 0 2 0
0 1 0 0 0 0 1 0 0 1 1 1 0 0
0 1 0 0 0 0 1 0 1 0 0 0 1 0
0 1 0 0 0 0 1 0 1 0 0 0 1 0
0 1 0 0 0 0 1 0 1 0 0 0 1 0
0 1 1 1 1 1 1 0 1 0 0 0 1 0
0 0 0 0 0 0 0 0 0 2 2 2 0 0
0 0 0 0 0 0 0 0 0 0 0 0 0 0
0 0 0 0 0 0 0 0 0 0 0 0 0 0
0 0 0 0 0 0 0 0 0 0 0 0 0 0
0 0 0 0 0 0 0 0 0 0 0 0 0 0","The transformation rule appears to involve swapping or shifting certain numbers in the grid while keeping others intact. By examining the provided examples, it seems that the numbers 3 and 4 swap places in the first example, and in the second example, the numbers 8 and 2 swap places. The rule seems to be a simple substitution based on the input values.","0","","swap specific numbers","0","Incorrect","0","0",""
"2025-09-08T16:32:38","AboveBelow","AboveBelow7","3","0","mismatch","0","0 0 0 0 0 0 0 0 0
0 0 0 0 0 0 0 0 0
0 0 0 0 0 0 0 0 0
0 7 7 7 7 7 7 7 0
0 7 0 0 0 0 0 7 0
0 7 0 0 0 0 0 7 0
0 7 0 0 0 0 0 7 0
0 7 7 7 7 7 7 7 0
0 0 0 0 2 0 0 0 0
0 0 0 0 2 0 0 0 0
0 0 0 0 2 0 0 0 0
0 0 0 0 0 0 0 0 0","The transformation rule appears to involve swapping certain numbers in the grid. Specifically, in the provided examples, 3 and 4 are swapped, as are 2 and 8. There is no change to 0 or 7. The rule seems to be a simple substitution based on the specific numbers present in the input grid.","0","","Swap 3 and 4, swap 2 and 8","0","Incorrect","0","0",""
"2025-09-08T16:32:38","AboveBelow","AboveBelow8","1","0","mismatch","0","0 0 0 0 0 0 0 0 0 0 0 0
0 0 0 0 0 0 0 0 0 0 0 0
0 0 0 0 0 0 0 0 0 0 0 0
0 0 0 0 0 0 0 0 0 0 0 0
0 0 0 0 0 0 0 0 0 0 0 0
0 0 0 0 0 0 0 0 0 0 0 0
0 0 0 0 0 0 0 0 0 0 0 0
0 0 0 0 0 0 0 0 0 0 0 0
0 0 0 0 0 8 8 8 8 0 0 0
0 0 0 0 0 0 0 0 8 0 0 0
0 0 0 0 0 0 0 0 8 0 0 0","The transformation rule appears to involve setting all numbers to 0 except for 8s, which remain 8s but are only kept if they are surrounded by other 8s or are part of a group of 8s. Isolated 8s or 8s not part of a group are set to 0. In cases where 8 is connected to other numbers (not 8) horizontally, vertically, or diagonally, it gets set to 0.","0","","Preserve 8s if part of an 8 group, else set to 0","0","Incorrect","0","0",""
"2025-09-08T16:32:38","AboveBelow","AboveBelow8","2","0","mismatch","0","0 0 0 0 0 0 0 0 0 0 0 0 0 0 0
0 0 0 0 0 0 0 0 0 0 0 0 0 0 0
0 0 0 0 0 0 0 0 0 0 0 0 0 0 0
0 0 0 0 0 0 0 0 0 0 0 0 0 0 0
0 0 0 0 0 0 0 0 0 0 0 0 0 0 0
0 0 0 0 0 8 0 0 0 0 0 0 0 0 0
0 0 0 0 0 8 8 8 8 8 8 0 0 0 0
0 0 0 0 0 0 0 0 0 0 8 0 0 0 0
0 0 0 0 0 0 0 0 0 0 8 0 0 0 0
0 0 0 0 0 0 0 0 0 0 8 0 0 0 0
0 0 0 0 0 0 0 0 0 0 0 0 0 0 0","The transformation rule appears to involve identifying and isolating certain numbers in the input grid, specifically focusing on the number 8 and its relationship with neighboring cells. In the output grids, the number 8 seems to be preserved and propagated to other cells, while other numbers are set to 0. The rule seems to highlight paths or shapes defined by 8s and connected numbers.","0","","Replace all numbers with 0 except for 8s. For each 8, if there are adjacent cells (horizontally, vertically, or diagonally) with the same number, set those cells to 0. Then, for each 8, if there are adjacent cells with different numbers, preserve the 8 and set those cells to 0. Essentially, only 8s that are part of a 'shape' or 'path' defined by adjacent cells with the same number are kept.","0","Incorrect","0","0",""
"2025-09-08T16:32:38","AboveBelow","AboveBelow8","3","0","mismatch","0","0 0 0 0 0 0 0 0 0 0
0 0 0 0 0 0 0 0 0 0
0 0 0 0 0 0 0 0 0 0
0 0 0 0 0 0 0 0 0 0
0 0 0 0 0 0 0 0 0 0
0 0 0 0 0 0 0 0 0 0
0 0 0 0 0 0 0 0 0 0
0 0 0 8 8 0 0 0 0 0
0 0 0 0 8 0 0 0 0 0
0 0 0 0 8 0 0 0 0 0
0 0 0 0 0 0 8 0 0 0
0 0 0 0 0 0 0 0 0 0
0 0 0 0 0 0 0 0 0 0","The transformation rule appears to involve identifying and isolating the highest value in a grid of numbers, then transforming the grid such that only the highest value (8) and its direct connections (horizontally, vertically, not diagonally) are preserved and set to 8, while all other values are set to 0. In cases where there are multiple 8s, they are connected if adjacent. For all other numbers, if they are not 8 and are surrounded by or adjacent to an 8, they are not directly transformed to 8 but their positions relative to 8s determine their output value, typically 0.","0","","Identify the number 8 in the input grid, then set all directly connected (horizontally or vertically, not diagonally) cells to 8 if they are not already 8. All other cells are set to 0.","0","Incorrect","0","0",""
"2025-09-08T16:32:38","AboveBelow","AboveBelow9","1","0","mismatch","0","0 0 0 0 0 0 0 0 0 0 0 0 0 0 0
0 0 0 0 0 0 0 0 0 0 0 0 0 0 0
0 0 0 0 0 0 0 0 0 0 0 0 0 0 0
0 0 0 0 0 0 0 0 0 0 0 0 0 0 0
0 0 0 0 0 0 0 0 0 0 0 0 0 0 0
0 0 0 0 0 0 0 0 0 0 0 0 0 0 0
0 0 0 0 0 0 0 0 0 0 0 0 0 0 0
0 0 0 0 0 0 0 0 0 0 0 0 0 0 0
9 9 9 9 9 9 9 9 9 9 9 9 9 9 9
0 0 0 0 0 0 0 0 0 0 0 0 0 0 0
0 0 0 0 0 0 0 0 0 0 0 0 0 0 0
0 0 0 0 0 0 0 0 0 0 0 0 0 0 0","The transformation rule appears to be that all input grid values of 3, 7, or 8 are set to 0 in the output grid, while all other values remain unchanged.","0","","Set all instances of 3, 7, or 8 to 0","0","Incorrect","0","0",""
"2025-09-08T16:32:38","AboveBelow","AboveBelow9","2","0","parse:non-integer token in row 1","0","[[0, 0, 0, 0, 0, 0, 0, 0, 0, 0, 0, 0], [0, 0, 0, 0, 0, 0, 0, 0, 0, 0, 0, 0], [0, 0, 0, 0, 0, 0, 0, 0, 0, 0, 0, 0], [0, 0, 0, 0, 0, 0, 0, 0, 0, 0, 0, 0], [0, 0, 0, 0, 0, 0, 0, 0, 0, 0, 0, 0], [0, 0, 0, 0, 0, 0, 0, 0, 0, 0, 0, 0], [0, 0, 0, 0, 0, 0, 0, 0, 0, 0, 0, 0], [0, 0, 0, 0, 0, 0, 0, 0, 0, 0, 0, 0], [0, 0, 0, 0, 0, 0, 0, 0, 0, 0, 0, 0], [0, 0, 0, 0, 0, 0, 0, 0, 0, 0, 0, 0], [0, 0, 0, 0, 0, 0, 0, 0, 0, 0, 0, 0], [0, 0, 0, 0, 0, 0, 0, 0, 0, 0, 0, 0]]","The transformation rule appears to be that any number of 3s or 7s that are not part of a 4x4 square of the same number are removed. In the given examples, 3s and 7s that are part of a larger connected component of the same number are preserved, while those that are isolated or part of a smaller connected component are removed. The 4x4 squares of 4s are preserved in their entirety.","0","","Remove isolated or small groups of 3s and 7s not in 4x4 squares","0","Incorrect","0","0",""
"2025-09-08T16:32:38","AboveBelow","AboveBelow9","3","1","","0","2 2 2 2 2 2 2 2 2 2 2
0 0 0 0 0 0 0 0 0 0 0
0 0 0 0 0 0 0 0 0 0 0
0 0 0 0 0 0 0 0 0 0 0
0 0 0 0 0 0 0 0 0 0 0
0 0 0 0 0 0 0 0 0 0 0
0 0 0 0 0 0 0 0 0 0 0
0 0 0 0 0 0 0 0 0 0 0
0 0 0 0 0 0 0 0 0 0 0","The transformation rule appears to be that all occurrences of a number greater than 4 in the input grid are set to 0 in the output grid, while all other numbers remain unchanged.","1","","Set numbers > 4 to 0","0","Correct","0","0",""
