timestamp,concept,puzzle,test_idx,effort,is_correct,err,tools_used,answer,summary,programming_calls,Rule_correct,rule_evaluation_reasoning,Rule,validated
2025-07-23T15:42:45,HorizontalVertical,HorizontalVertical1,1,low,0,mismatch,0,"0 0 0 0 0 0 0 0 0 0 0 0
0 0 0 0 0 0 0 0 0 0 0 0
0 0 0 0 0 0 0 0 0 0 0 0
0 0 0 1 1 1 1 1 1 0 0 0
0 0 0 1 5 5 5 5 1 0 0 0
0 0 0 1 5 5 5 5 1 0 0 0
0 0 0 1 1 1 1 1 1 0 0 0
0 0 0 0 0 0 0 0 0 0 0 0
0 0 0 2 0 0 0 0 0 0 0 0
0 0 0 2 0 0 0 0 0 0 0 0
0 0 0 2 0 0 0 0 0 0 0 0
0 0 0 2 0 0 0 0 0 0 0 0
0 0 0 0 0 0 0 0 0 0 0 0
0 0 0 1 1 1 1 3 3 0 0 0
0 0 0 1 1 1 1 3 3 0 0 0
0 0 0 1 1 1 1 3 3 0 0 0
0 0 0 1 1 1 1 3 3 0 0 0
0 0 0 0 0 0 0 0 0 0 0 0
0 0 0 5 5 0 0 0 0 0 0 0
0 0 0 5 5 0 0 0 0 0 0 0
0 0 0 5 5 0 0 0 0 0 0 0
0 0 0 0 0 0 0 0 0 0 0 0","In the first image, the left grids have colored rectangles. The right grids transform the rectangles by filling their inner area with the color of the other rectangle's outline in the same grid. In the top grid, the red rectangle's inner area is filled with green, and the yellow rectangle's inner area is filled with orange. In the bottom grid, the red rectangle is filled with orange, and the orange rectangle is filled with red. Applying this rule to the second image, the gray rectangle's inner area is filled with yellow, and the yellow rectangle's inner area is filled with gray.

Rule: Fill the inner area of each rectangle with the outline color of the other rectangle in the grid.",,0,"The Evaluated Rule does not accurately reflect the specific color transformations described in the Ground Truth Rule. The Ground Truth Rule specifies that black pixels inside rectangles with a longer vertical axis should be replaced with green pixels, and those inside rectangles with a longer horizontal axis should be replaced with orange pixels. The Evaluated Rule, however, states to fill the inner area of each rectangle with the outline color of the other rectangle, which does not align with the specific color assignments of green and orange based on the rectangle's orientation.",Fill the inner area of each rectangle with the outline color of the other rectangle in the grid.,0
2025-07-23T15:42:30,HorizontalVertical,HorizontalVertical1,2,low,0,mismatch,0,"0 0 0 0 0 0 0 2 2 2 2 2
0 0 0 0 0 0 0 2 0 0 0 2
0 0 0 0 0 0 0 2 0 0 0 2
0 0 0 0 0 0 0 2 0 0 0 2
0 0 0 0 0 0 0 2 2 2 2 2
0 0 0 0 0 0 0 0 0 0 0 0
0 0 0 0 0 0 0 0 0 0 0 0
0 0 0 0 0 0 0 0 0 0 0 0
0 0 0 0 0 0 0 0 0 0 0 0
0 0 0 0 0 0 0 0 0 0 0 0
0 0 0 0 0 0 0 0 0 0 0 0
0 0 0 0 0 0 0 0 0 0 0 0","The first image shows two grid transformations. Both transformations involve swapping the position of the vertical and horizontal colored bars. On the left, the vertical red bar becomes horizontal, and the horizontal yellow bar becomes vertical in the transformed grid. Similarly, the vertical red bar with a green stripe becomes horizontal, and the horizontal yellow bar with an orange stripe becomes vertical in the transformation. Applying this rule to the second image, the vertical green bar becomes horizontal and the horizontal green bar becomes vertical.

Rule: Swap the positions of vertical and horizontal colored bars.",,0,"The Evaluated Rule does not capture the essence of the Ground Truth Rule, which specifies the replacement of black pixels based on the orientation of rectangles. Instead, it suggests swapping the colors of vertical and horizontal bars, which is a different transformation.",Swap the positions of vertical and horizontal colored bars.,0
2025-07-23T15:42:53,HorizontalVertical,HorizontalVertical1,3,low,0,mismatch,0,000000000000000000000000000000000000000000000000000000000000000000000000000000000000000000000000000000000000000000000000000000000000000000000000000000000000000000000000000000,"In the first image, each grid on the left is transformed into a grid on the right. For the top grids, the red rectangle on the left has a green rectangle added to its interior on the right. The yellow rectangle on the left has an orange rectangle added to its interior on the right. For the bottom grids, the left grid with a red rectangle is filled with orange, and the orange rectangle is filled with red in the right grid. This pattern suggests that each colored rectangle is filled with another color in the transformed grid. Applying this rule to the second image, each rectangle is filled: the green rectangle is filled with black, the magenta rectangle is filled with black, the yellow rectangle is filled with black, and each orange rectangle is filled with black.

Rule: Fill the interior of each colored rectangle with black.",,0,"The Evaluated Rule does not match the transformation specified in the Ground Truth Rule, as it only states to fill the interior of each colored rectangle with black, without addressing the color changes for rectangles based on their orientation.",Fill the interior of each colored rectangle with black.,0
2025-07-23T15:43:10,HorizontalVertical,HorizontalVertical10,1,low,0,mismatch,0,"1 1 1 1 1 1 1 1 1 1 1 1 1 1 1 1 1 1 1 1
0 0 0 0 0 0 0 0 0 0 0 0 0 0 0 0 0 0 0 0
0 0 2 2 2 0 0 0 0 0 0 0 0 0 0 0 0 0 0 0
0 0 3 3 3 0 0 0 0 0 0 0 0 0 0 0 0 0 0 0
0 0 5 5 5 0 0 0 0 0 0 0 0 0 0 0 0 0 0 0
0 0 4 4 4 0 0 0 0 0 0 0 0 0 0 0 0 0 0 0
0 0 0 0 0 0 0 0 0 0 0 0 0 0 0 0 0 0 0 0
0 0 0 0 0 0 0 0 0 0 0 0 0 0 0 0 0 0 0 0
0 0 0 0 0 0 0 0 0 0 0 0 0 0 0 0 0 0 0 0
0 0 0 0 0 0 0 0 0 0 0 0 0 0 0 0 0 0 0 0
0 0 0 0 0 0 0 0 0 0 0 0 0 0 0 0 0 0 0 0
0 0 0 0 0 0 0 0 0 0 0 0 0 0 0 0 0 0 0 0
0 0 0 0 0 0 0 0 0 0 0 0 0 0 0 0 0 0 0 0
0 0 0 0 0 0 0 0 0 0 0 0 0 0 0 0 0 0 0 0
0 0 0 0 0 0 0 0 0 0 0 0 0 0 0 0 0 0 0 0
0 0 0 0 0 0 0 0 0 0 0 0 0 0 0 0 0 0 0 0
0 0 0 0 0 0 0 0 0 0 0 0 0 0 0 0 0 0 0 0
0 0 0 0 0 0 0 0 0 0 0 0 0 0 0 0 0 0 0 0
0 0 0 0 0 0 0 0 0 0 0 0 0 0 0 0 0 0 0 0
0 0 0 0 0 0 0 0 0 0 0 0 0 0 0 0 0 0 0 0","In the first image, the left grids are transformed to the right grids by adding a cyan line along the outer edge in one direction. In the first pair, the cyan line is added vertically on the right. In the second pair, the cyan line is added horizontally at the top. The rule is to add a cyan line along the outer edge in the direction where the colorful squares are more numerous. For the second image, the colorful squares are arranged more horizontally, so a cyan line is added at the top.

Rule: Add a cyan line along the outer edge in the direction where the colorful squares are more numerous.",,0,"The Evaluated Rule introduces a different criterion for adding the cyan line based on the quantity of colorful squares rather than the orientation of the contained lines as specified in the Ground Truth Rule. Therefore, it does not maintain the same underlying transformation functionality.",Add a cyan line along the outer edge in the direction where the colorful squares are more numerous.,0
2025-07-23T15:42:59,HorizontalVertical,HorizontalVertical10,2,low,0,mismatch,0,"0 0 0 0 0 0 0 0 0 9 0
0 0 0 0 0 0 0 0 0 9 0
0 0 0 0 0 0 0 0 0 9 0
0 0 0 0 0 0 0 0 0 9 0
0 0 0 0 0 0 0 0 0 9 0
0 0 0 0 0 0 0 0 0 9 0
0 0 0 0 0 0 0 0 0 9 0
0 0 0 0 0 0 0 0 0 9 0
0 0 0 0 0 0 0 0 0 9 0
0 0 0 0 0 0 0 0 0 9 0
0 0 0 0 0 0 0 0 0 9 0","In the first image, the transformation involves adding a cyan line outside the original pattern. For the top grid, the cyan line is vertical along the right edge, and for the bottom grid, it's horizontal along the top edge. The cyan line is added outside the existing pattern, preserving the pattern's position and orientation. Applying this rule to the grid in the second image, a cyan vertical line should be added along the right edge of the grid.

Rule: Add a cyan line outside the existing pattern, vertically on the right edge for vertical patterns, and horizontally on the top edge for horizontal patterns.",,1,"The Evaluated Rule captures the essence of the Ground Truth Rule by adding a cyan line based on the orientation of the contained lines. It specifies the addition of a vertical line for vertical patterns and a horizontal line for horizontal patterns, which aligns with the original intent of the Ground Truth Rule.","Add a cyan line outside the existing pattern, vertically on the right edge for vertical patterns, and horizontally on the top edge for horizontal patterns.",0
2025-07-23T15:43:09,HorizontalVertical,HorizontalVertical10,3,low,0,mismatch,0,0 0 0 0 0 0 0 0 0 0 0 0 0 0 0 0 0 0 0 0 9 9 9 9 9 0 0 0 0 0 0 0 0 0 0 0 1 1 1 1 1 0 0 0 0 0 0 0 0 0 0 0 1 1 1 1 1 0 0 0 0 0 0 0 0 0 0 0 0 0 0 0 0 0 0 0 0 0 0 0 0 0 0 0 0 0 0 0 0 0 0 0 0 0 0 0 0 0 0 0 0 0,"In the first image, each grid on the left has a corresponding grid on the right. The transformation involves adding a line of cyan squares either to the right or on top of the existing colored squares. In the first grid, a vertical cyan line is added to the rightmost column, and in the second grid, a horizontal cyan line is added to the topmost row. This suggests that the transformation rule is to add a cyan line along the longest side of the colored shape. In the second image, the shape is wider horizontally (5 squares) than vertically (2 squares), so a cyan line should be added along the top row.

Rule: Add a cyan line along the longest side of the colored shape.",,0,"The Evaluated Rule does not accurately reflect the conditions specified in the Ground Truth Rule. The Ground Truth Rule specifies adding a cyan line based on the orientation of contained lines (vertical or horizontal), while the Evaluated Rule focuses on the longest side of the colored shape, which does not align with the original conditions.",Add a cyan line along the longest side of the colored shape.,0
2025-07-23T15:42:56,HorizontalVertical,HorizontalVertical2,1,low,0,mismatch,0,0 0 0 0 0 0 0 0 0 0 0 0 0 0 0 0 0 0 0 0 0 0 0 0 0 0 0 0 0 0 0 0 0 0 0 0 0 0 0 0 0 0 0 0 0 0 0 0 0 0 0 0 0 6 6 0 0 0 0 0 0 0 7 8 8 8 7 0 0 0 0 0 0 6 0 0 0 0 0 0 0 0 0 0 0 0 0 0 0 0 0 0 3 3 0 0 0 0 0 0 0 2 5 5 5 2 0 0 0 0 0 0 3 3 0 0 0 0 0 0 0 0 0 0 0 0 0 0 0 0 0 0 0 0 0 0 0 0 0 0 0 0 0 0 0 0 0 0 0 0 0 0 0 0 0 0 0 0 0 0,"The first pair of grids indicates that the transformation involves rotating the grid 90 degrees clockwise and centering it within a larger black grid. Both original grids have colored patterns that are rotated and then placed within a surrounding black grid of the same size. Applying this to the second image, rotate each colored grid 90 degrees clockwise and place it in the center of a black grid of the same size.

Rule: Rotate the colored section 90 degrees clockwise and center it in a larger black grid.",,0,"The Evaluated Rule involves rotating the colored section and centering it in a larger black grid, which is fundamentally different from the Ground Truth Rule that specifies replacing shapes with continuous vertical lines with black pixels without any rotation or centering.",Rotate the colored section 90 degrees clockwise and center it in a larger black grid.,0
2025-07-23T15:42:42,HorizontalVertical,HorizontalVertical2,2,low,0,mismatch,0,"0 0 0 0 0 0 0 0 0 0 0 0
0 0 0 0 0 0 1 1 1 1 1 0
0 0 0 0 0 0 5 5 5 5 5 0
0 0 0 0 0 0 1 1 1 1 1 0
0 0 0 0 0 0 5 5 5 5 5 0
0 0 0 0 0 0 1 1 1 1 1 0
0 0 0 0 0 0 5 5 5 5 5 0
0 0 0 0 0 0 3 3 3 3 3 0
0 0 0 0 0 0 0 0 0 0 0 0","The left side of the first image shows two grids with vertical colored stripes. The right side shows the same grids but with horizontal stripes, indicating a transformation that rotates the grid 90 degrees clockwise. Applying this rule to the grid in the second image, we rotate the grid 90 degrees clockwise to transform the vertical stripe pattern into a horizontal stripe pattern.

Rule: Rotate the grid 90 degrees clockwise.",,0,"The Evaluated Rule involves rotating the grid 90 degrees clockwise, which does not align with the Ground Truth Rule that specifies replacing certain shapes with black pixels based on their vertical line characteristics. The transformations are fundamentally different.",Rotate the grid 90 degrees clockwise.,0
2025-07-23T15:42:45,HorizontalVertical,HorizontalVertical2,3,low,0,mismatch,0,"0 0 0 0 0 0 0 0 0 0 0 0 0 0 0 0
0 0 0 0 0 1 1 1 1 1 0 0 0 0 0 0
0 0 0 0 0 1 2 0 0 1 0 0 0 0 0 0
0 0 0 0 0 1 2 0 0 1 0 0 0 0 0 0
0 0 0 0 0 1 1 1 1 1 0 0 0 0 0 0
0 0 0 0 0 0 0 0 0 0 0 0 0 0 0 0
0 0 0 0 0 0 0 0 0 0 0 0 0 0 0 0
0 0 0 0 0 0 0 0 0 0 0 0 0 0 0 0
0 0 0 0 0 0 0 0 0 0 0 0 0 0 0 0
0 0 0 0 0 0 0 0 0 0 0 0 0 0 0 0
0 0 0 0 0 0 0 0 0 0 0 0 0 0 0 0
0 0 0 0 0 0 0 0 0 0 0 0 0 0 0 0
0 0 0 0 0 0 0 0 0 0 0 0 0 0 0 0
0 0 0 0 0 0 0 0 0 0 0 0 0 0 0 0
0 0 0 0 0 0 0 0 0 0 0 0 0 0 0 0
0 0 0 0 0 0 0 0 0 0 0 0 0 0 0 0","In the first image, the left grids are transformed into the right grids by rotating them 90 degrees clockwise and then centering them in a larger black grid. First grid: red and green vertical stripes rotate to become horizontal stripes. Second grid: yellow, cyan, and magenta horizontal stripes rotate to become vertical stripes. Apply this to the grid in the second image by rotating it 90 degrees clockwise and centering it.

Rule: Rotate the grid 90 degrees clockwise and center it in a black grid.",,0,"The Evaluated Rule involves rotating the grid and centering it in a black grid, which does not align with the Ground Truth Rule's requirement to replace specific shapes with black pixels. The transformation functionalities are fundamentally different.",Rotate the grid 90 degrees clockwise and center it in a black grid.,0
2025-07-23T15:43:18,HorizontalVertical,HorizontalVertical3,1,low,0,mismatch,0,"1 1 1 1 1 1 1 1 1 1 1 1
0 0 0 0 0 0 0 0 0 0 0 0
0 2 2 0 0 2 2 0 0 0 0 0
0 2 2 2 2 2 2 2 2 0 0 0
0 0 2 2 0 0 2 2 0 0 0 0
0 0 2 2 0 0 2 2 0 0 0 0
0 0 0 0 0 0 0 0 0 0 0 0
0 0 0 0 0 0 0 0 0 0 0 0
0 0 0 0 0 0 0 0 0 0 0 0
0 0 0 0 0 0 0 0 0 0 0 0
0 0 0 0 0 0 0 0 0 0 0 0
0 0 0 0 0 0 0 0 0 0 0 0","In the first set of images, the transformation rule involves adding a blue border to either the top or left side of the grid. In the first grid, a blue line is added to the top. In the second grid, a blue line is added to the left. In the third grid, a blue line is added to the top. Therefore, the rule is to add a blue line to the top if the grid is more horizontally oriented, or to the left if the grid is more vertically oriented. The grid in the second image has more horizontal space, so a blue line should be added to the top.

Rule: Add a blue line to the top if the grid is more horizontal, or to the left if more vertical.",,0,"The Evaluated Rule introduces a criterion based on the overall orientation of the grid (more horizontal or more vertical), which is not part of the Ground Truth Rule. The Ground Truth Rule specifically requires adding lines based on the repetition of shapes in vertical or horizontal manners, not the overall shape of the grid. Therefore, the Evaluated Rule does not accurately reflect the transformation described in the Ground Truth Rule.","Add a blue line to the top if the grid is more horizontal, or to the left if more vertical.",0
2025-07-23T15:42:26,HorizontalVertical,HorizontalVertical3,2,low,0,mismatch,0,"1 1 1 1 1 0 0 0 0 0
1 6 6 0 0 0 0 0 0 0
1 6 0 0 0 0 0 0 0 0
1 6 6 0 0 0 0 0 0 0
1 0 0 0 0 0 0 0 0 0
1 6 6 0 0 0 0 0 0 0
1 0 0 0 0 0 0 0 0 0
1 6 6 0 0 0 0 0 0 0
1 0 0 0 0 0 0 0 0 0
1 6 6 0 0 0 0 0 0 0","In each pair of grids, the transformation involves adding a blue border to the top and left sides of the grid. The colored patterns within the grids remain unchanged. The observed transformation pattern from left to right is consistent across all examples.

Rule: Add a blue border to the top and left sides of the grid.",,0,"The Evaluated Rule adds a blue border to the top and left sides of the grid, which does not align with the specific conditions of the Ground Truth Rule that require the addition of blue lines based on the repetition of shapes either vertically or horizontally.",Add a blue border to the top and left sides of the grid.,0
2025-07-23T15:42:31,HorizontalVertical,HorizontalVertical3,3,low,0,mismatch,0,"1 1 1 1 1 1 1 1 1 1
1 0 0 0 0 0 0 0 0 0
1 0 0 2 2 0 0 0 0 0
1 0 2 2 2 0 0 0 0 0
1 0 0 2 0 0 0 0 0 0
1 0 0 2 0 0 0 0 0 0
1 0 2 2 0 0 0 0 0 0
1 0 2 0 0 0 0 0 0 0
1 0 2 0 0 0 0 0 0 0
1 0 0 0 0 0 0 0 0 0","The transformation rule involves adding a blue border to the left and top edges of the grid from the left side. The pattern in each grid remains unchanged otherwise. Applying this rule to the second image, we add a blue border to the leftmost column and topmost row of the given grid.

Rule: Add a blue border to the leftmost column and topmost row of the grid.",,0,"The Evaluated Rule adds a blue border to the leftmost column and topmost row of the grid, which does not align with the specific conditions of the Ground Truth Rule that require the addition of a continuous blue line based on the repetition of shapes either vertically or horizontally.",Add a blue border to the leftmost column and topmost row of the grid.,0
2025-07-23T15:42:28,HorizontalVertical,HorizontalVertical4,1,low,0,mismatch,0,0 0 0 0 0 0 0 0 0 0 0 0 0 0 0 0 0 0 0 0 0 0 0 0 0 0 0 0 0 0 0 0 0 0 0 0 0 0 0 0 0 0 0 0 0 0 0 0 0 0 0 0 0 0 0 0 0 0 2 2 2 2 2 0 0 0 0 0 2 0 0 0 0 0 2 1 1 3 0 0 0 0 2 0 0 0 0 0 2 2 2 2 2 0 0 0 0 0 0 0 0 0 0 0 0 0 0 0 0 0 0 0 0 0 0 0 0 0 0 0 0,"In the given examples, the transformation involves identifying the central red section in the left grid and adding a green section of the same shape to the right of it in the right grid. The rest of the grid remains unchanged. In the second image, we have an orange square with a red central column and a gray pattern below. By applying the rule, we add a green column to the right of the red column, maintaining the overall grid structure.

Rule: Add a green section of the same shape to the right of any central red section.",,0,"The Evaluated Rule introduces a new action of adding a green section to the right of a red section, which is not part of the Ground Truth Rule. The Ground Truth Rule focuses on coloring lines based on their containment within shapes, while the Evaluated Rule adds an additional transformation that is not equivalent to the original intent.",Add a green section of the same shape to the right of any central red section.,0
2025-07-23T15:42:41,HorizontalVertical,HorizontalVertical4,2,low,0,mismatch,0,"1 1 1 1 1 1 1 1 1 1 1 1
1 0 0 0 0 0 0 0 0 0 0 1
1 0 0 0 3 3 3 0 0 0 0 1
1 0 0 0 0 3 0 0 0 0 0 1
1 0 0 0 3 0 0 0 0 0 0 1
1 0 0 0 0 0 0 0 0 0 0 1
1 1 1 1 1 1 1 1 1 1 1 1","In the first image, each left grid transforms to the right grid by replacing the red horizontal line with a green line while keeping the rest unchanged. Applying this rule to the second image, the red horizontal line in the middle of the magenta square is replaced by a green line, while the rest of the grid remains unchanged.

Rule: Replace any red horizontal line within the colored frame with a green line.",,0,"The Evaluated Rule specifies replacing red horizontal lines with green lines, which is a different transformation than the Ground Truth Rule that colors vertical lines red and horizontal lines green based on their containment within another shape. The Evaluated Rule does not reproduce the grid completely or address the coloring of vertical lines, thus it does not align with the original intent.",Replace any red horizontal line within the colored frame with a green line.,0
2025-07-23T15:43:01,HorizontalVertical,HorizontalVertical4,3,low,0,mismatch,0,"0 0 0 1 1 1 1 1 0 0 0
0 0 0 1 0 0 0 1 0 0 0
0 0 0 1 0 1 1 1 0 0 0
0 0 0 1 0 1 2 2 1 0 0
0 0 0 1 0 1 2 2 1 0 0
0 0 0 1 0 1 1 1 0 0 0
0 0 0 1 0 0 0 1 0 0 0
0 0 0 1 1 1 1 1 0 0 0
0 0 0 0 0 0 0 0 0 0 0
0 0 0 0 0 0 0 0 0 0 0
0 0 0 0 0 0 0 0 0 0 0
0 0 0 0 0 0 0 0 0 0 0
0 0 0 1 1 1 1 1 0 0 0
0 0 0 1 0 0 0 1 0 0 0
0 0 0 1 0 1 1 1 0 0 0
0 0 0 1 0 1 2 2 1 0 0
0 0 0 1 0 1 2 2 1 0 0
0 0 0 1 0 1 1 1 0 0 0
0 0 0 1 0 0 0 1 0 0 0
0 0 0 1 1 1 1 1 0 0 0
0 0 0 0 0 0 0 0 0 0 0
0 0 0 0 0 0 0 0 0 0 0","In the first image, the transformation involves changing the color of the inner rectangle in the left grids to a different color in the right grids while keeping the outer pattern intact. In the first pair, the red rectangle remains red in the transformation, and in the second pair, the green rectangle remains green. This suggests that the rule is to keep the middle color the same. In the second image, the prominent inner color is red, which should remain unchanged.

Rule: Keep the inner color unchanged while maintaining the outer structure.",,0,"The Evaluated Rule does not address the requirement to color vertical lines red and horizontal lines green based on their containment within another shape, which is a key part of the Ground Truth Rule.",Keep the inner color unchanged while maintaining the outer structure.,0
2025-07-23T15:43:07,HorizontalVertical,HorizontalVertical5,1,low,0,mismatch,0,"2 2 2 2 2 2 2 2 2 2 2 2
0 0 0 1 1 1 1 1 0 0 0 0
0 0 0 1 0 0 0 1 0 0 0 0
0 0 0 1 0 0 0 1 0 0 0 0
0 0 0 1 1 1 1 1 0 0 0 0
0 0 0 1 0 0 0 1 0 0 0 0
0 0 0 1 0 0 0 1 0 0 0 0
0 0 0 1 1 1 1 1 0 0 0 0
0 0 0 0 0 0 0 0 0 0 0 0
0 0 0 0 0 0 0 0 0 0 0 0
0 0 0 0 0 0 0 0 0 0 0 0
0 0 0 0 0 0 0 0 0 0 0 0","The transformation involves adding a green border to the top of the grid. The first grid on the left has a corresponding grid on the right with a green border at the top. The same transformation is applied to the second and third grids. Therefore, the rule is to add a green border to the top row of the grid.

Rule: Add a green border to the top row of the grid.",,0,"The Evaluated Rule only specifies adding a green border to the top row of the grid, which does not account for the conditions based on the orientation of the yellow shape's outer lines. The Ground Truth Rule requires a specific action based on the orientation of the yellow shape, which is not reflected in the Evaluated Rule.",Add a green border to the top row of the grid.,0
2025-07-23T15:42:54,HorizontalVertical,HorizontalVertical5,2,low,0,mismatch,0,"3 3 3 3 3 3 3 3 3 3
0 0 0 0 0 0 0 0 0 0
0 0 1 1 1 1 1 1 0 0
0 0 1 0 0 0 0 1 0 0
0 0 1 0 0 0 0 1 0 0
0 0 1 0 0 0 0 1 0 0
0 0 1 1 1 1 1 1 0 0
0 0 0 0 0 0 0 0 0 0","In the first set of images, each left grid has a corresponding right grid with a green line added. The green line is placed along the top edge of the grid, regardless of the pattern. Thus, the transformation rule is to add a green line along the top edge of the grid. Applying this rule to the second image, which has a yellow 'I' shape, results in a grid with a green line at the top and the yellow 'I' below it.

Rule: Add a green line along the top edge of the grid.",,0,"The Evaluated Rule only specifies adding a green line along the top edge of the grid, without considering the orientation of the yellow shape's outer lines, which is a critical condition in the Ground Truth Rule.",Add a green line along the top edge of the grid.,0
2025-07-23T15:42:31,HorizontalVertical,HorizontalVertical5,3,low,0,mismatch,0,"2 2 2 2 2 2 2 2 2 2 2 2 2 2 2 2
1 1 1 1 1 1 1 1 1 1 1 1 2 2 2 2
1 0 0 1 0 0 1 0 0 1 0 0 1 0 0 2
1 0 1 0 1 0 1 0 1 0 1 0 1 0 0 2
1 0 0 1 0 0 1 0 0 1 0 0 1 0 0 2
1 1 1 1 1 1 1 1 1 1 1 1 1 0 0 2
1 0 0 1 0 0 1 0 0 1 0 0 1 0 0 2
1 0 1 0 1 0 1 0 1 0 1 0 1 0 0 2
1 0 0 1 0 0 1 0 0 1 0 0 1 0 0 2
1 1 1 1 1 1 1 1 1 1 1 1 1 2 2 2","In the first set of images, each grid on the right is the corresponding grid on the left with a green border added. The green border is one cell wide and is placed along the top and right edges of the grid. Examining the second image, I can apply the same transformation by adding a green border to the top and right edges of the given grid.

Rule: Add a one-cell-wide green border to the top and right edges of the grid.",,0,"The Evaluated Rule specifies adding a one-cell-wide green border to the top and right edges of the grid, which does not align with the Ground Truth Rule's condition of adding a continuous horizontal green line at the top or a continuous vertical green line at the right border based on the orientation of the yellow shape's outer lines. The Evaluated Rule lacks the conditional aspect and specific placement of the green line.",Add a one-cell-wide green border to the top and right edges of the grid.,0
2025-07-23T15:42:49,HorizontalVertical,HorizontalVertical6,1,low,0,mismatch,0,0 0 0 0 0 3 0 0 0 0 0 3 0 0 0 0 0 3 0 0 0 0 0 3 0 0 0 0 0 3 0 0 0 0 0 3 0 0 0 0 0 3 0 0 0 0 0 3 0 0 0 0 0 3 0 0 0 0 0 3,"By analyzing the given grids, the transformation rule seems to be adding a green line either vertically on the rightmost side or horizontally at the top, depending on the orientation of the blue shape. When the blue shape is more vertical, a green vertical line is added. When the blue shape is more horizontal, a green horizontal line is added. In the target grid, the blue shape is vertical, so a green line should be added on the rightmost side.

Rule: Add a green line to the rightmost side if the shape is vertical, or to the top if the shape is horizontal.",,0,"The Evaluated Rule does not specify the condition of comparing the lengths of the blue shape in vertical and horizontal orientations. It simply states to add a green line based on whether the shape is vertical or horizontal, without considering the length comparison required in the Ground Truth Rule.","Add a green line to the rightmost side if the shape is vertical, or to the top if the shape is horizontal.",0
2025-07-23T15:42:25,HorizontalVertical,HorizontalVertical6,2,low,0,mismatch,0,"3 3 3 3 3 3 3 3 3 3 3 3
0 0 0 0 0 0 0 0 0 0 0 0
0 0 1 1 0 0 0 1 0 0 0 0
0 1 0 0 1 0 0 1 1 0 0 0
1 0 0 0 0 1 1 0 0 1 1 0
0 0 0 0 0 0 0 0 0 0 0 0","Each grid on the left is transformed by adding a green line along the edge with the longest blue line. In the first pair, the longest blue line is vertical, so a green line is added to the right. In the second pair, the longest blue line is horizontal, so the green line is added on top. In the third pair, the longest blue line is horizontal, so the green line is added on top. For the second image, the longest blue line is horizontal, so a green line is added on top.

Rule: Add a green line along the edge with the longest blue line.",,0,"The Evaluated Rule does not specify the conditions based on the orientation of the blue shape (vertical vs horizontal) as required by the Ground Truth Rule. It simply states to add a green line along the edge with the longest blue line, which could lead to incorrect placements of the green line.",Add a green line along the edge with the longest blue line.,0
2025-07-23T15:42:40,HorizontalVertical,HorizontalVertical6,3,low,0,mismatch,0,"0 0 0 0 0 0 0 0 0 5
0 0 1 1 0 0 0 0 0 5
0 0 0 0 1 0 0 0 0 5
0 0 0 0 1 0 0 0 0 5
0 0 0 0 0 1 1 0 0 5
0 0 0 0 0 0 0 1 0 5
0 0 0 0 0 0 0 0 0 5
0 0 0 0 0 0 0 0 0 5
0 0 0 0 0 0 0 0 0 5
0 0 0 0 0 0 0 0 0 5","In each pair of grids, the transformation involves adding a green line either vertically on the right or horizontally on the top. In the first grid pair, the green line is added on the right. In the second grid pair, the green line is added on the top. In the third grid pair, the green line is added on the top as well. The rule is to add a green line to the longest side of the grid. In the first pair, the longest side is vertical, so the line is added on the right. In the second and third pairs, the longest side is horizontal, so the line is added on the top. Applying this rule to the new grid, the longest side is vertical, so the green line is added on the right.

Rule: Add a green line along the longest side of the grid.",,0,"The Evaluated Rule does not specify the conditions based on the dimensions of the blue shape, which is crucial to determine whether to add a vertical or horizontal green line. It simply states to add a green line along the longest side of the grid, which does not align with the conditions set in the Ground Truth Rule.",Add a green line along the longest side of the grid.,0
2025-07-23T15:42:53,HorizontalVertical,HorizontalVertical7,1,low,0,mismatch,0,"2 2 2 2 2 2 2 2 2 2
2 1 1 1 1 1 1 1 1 2
2 1 1 1 1 1 1 1 1 2
2 1 1 1 1 1 1 1 1 2
2 1 1 1 1 1 1 1 1 2
2 1 1 1 1 1 1 1 1 2
2 1 1 1 1 1 1 1 1 2
2 1 1 1 1 1 1 1 1 2
2 1 1 1 1 1 1 1 1 2
2 1 1 1 1 1 1 1 1 2","In each transformation, a vertical red line is added to the left side of the grid, and a horizontal red line is added to the top, covering the first column and first row respectively. The rest of the grid remains unchanged.

Rule: Add a red line to the first column and first row of the grid.",,0,"The Evaluated Rule specifies adding a red line to the first column and first row of the grid, which does not align with the Ground Truth Rule's requirement of adding a vertical or horizontal line based on the alignment of two specific pixels. The Evaluated Rule lacks the conditional aspect of pixel alignment and does not reproduce the grid completely.",Add a red line to the first column and first row of the grid.,0
2025-07-23T15:42:44,HorizontalVertical,HorizontalVertical7,2,low,0,mismatch,0,"1 0 0 0 0 0 0 0 0 0
1 0 0 0 0 0 0 0 0 0
1 0 2 2 2 2 0 0 0 0
1 0 2 0 0 2 0 0 0 0
1 0 2 0 0 2 0 0 0 0
1 0 2 2 2 2 0 0 0 0
1 0 0 2 0 0 0 0 0 0
1 0 2 2 2 2 2 0 0 0
1 0 2 0 0 0 2 0 0 0
1 0 0 0 0 0 0 0 0 0","In the first image, each left grid has a prominent red shape. The transformation rule involves adding a vertical red line to the left side of the grid (first grid) or a horizontal red line to the top of the grid (third grid), maintaining the rest of the grid unchanged. The second grid remains unchanged. Applying this rule to the second image, a vertical red line is added on the left.

Rule: Add a vertical red line to the left side of the grid, overlapping any existing colors.",,0,"The Evaluated Rule specifies adding a vertical red line to the left side of the grid, which does not align with the Ground Truth Rule's requirement of adding a vertical line at the right edge of the grid based on the alignment of two pixels. Additionally, the color of the line in the Evaluated Rule is fixed to red, whereas the Ground Truth Rule allows for the line color to be determined by the colors of the two pixels.","Add a vertical red line to the left side of the grid, overlapping any existing colors.",0
2025-07-23T15:42:42,HorizontalVertical,HorizontalVertical7,3,low,0,mismatch,0,1 1 1 1 1 1 1 1 1 1 1 1 1 1 1 1 1 1 1 1 1 1 1 1 1 2 2 2 2 2 2 2 0 2 2 2 2 2 2 2 0 2 2 2 2 2 2 2 0 0 0 0 0 0 0 0,"In the first image, each grid on the right has a red line added along the leftmost column or top row. The rest of the grid remains unchanged from its corresponding left-side grid. This suggests the transformation rule is to add a red line on the leftmost column or top row of the given grid.

Rule: Add a red line to the leftmost column of the grid, leaving the rest unchanged.",,0,"The Evaluated Rule specifies adding a red line to the leftmost column, which does not align with the Ground Truth Rule's requirement of adding a vertical or horizontal line based on the alignment of two pixels. The transformation described in the Evaluated Rule is fundamentally different from the Ground Truth Rule.","Add a red line to the leftmost column of the grid, leaving the rest unchanged.",0
2025-07-23T15:53:11,HorizontalVertical,HorizontalVertical8,1,low,0,mismatch,0,"0 0 0 0 0 0 0 0 0 0 0 0 0
0 0 0 0 0 0 0 0 0 0 0 0 0
0 0 0 0 0 0 0 0 0 0 0 0 0
0 0 0 0 0 0 0 0 0 0 0 0 0
0 0 0 0 0 1 1 1 0 0 0 0 0
0 0 0 0 0 1 1 1 0 0 0 0 0
0 0 0 0 0 1 1 1 0 0 0 0 0
0 0 0 0 0 1 1 1 0 0 0 0 0
0 0 0 0 0 1 1 1 0 0 0 0 0
0 0 0 0 0 1 1 1 0 0 0 0 0
0 0 0 0 0 0 0 0 0 0 0 0 0
0 0 0 0 0 0 0 0 0 0 0 0 0
0 0 0 0 0 0 0 0 0 0 0 0 0","In each example, the transformation involves removing diagonal extensions and retaining the central and horizontal elements. In the first pair of grids, the top and bottom extensions are removed, leaving a horizontal bar. In the second, the diagonal top and bottom parts are removed, leaving a horizontal arc. The third shows the removal of diagonal extensions, leaving a diamond shape. For the grid in the second image, remove the magenta and cyan verticals as well as red and orange diagonals, leaving a green vertical bar.

Rule: Remove vertical and diagonal extensions, leaving only the central horizontal or vertical structure.",,0,"The Evaluated Rule focuses on removing vertical and diagonal extensions, which does not align with the Ground Truth Rule's requirement to reproduce the grid while specifically replacing differently colored shapes with black pixels. The core transformation functionality is not preserved.","Remove vertical and diagonal extensions, leaving only the central horizontal or vertical structure.",0
2025-07-23T15:50:16,HorizontalVertical,HorizontalVertical8,2,low,0,mismatch,0,"0 0 0 0 0 0 0 0 0 0 0 0
0 0 0 0 0 0 0 0 0 0 0 0
0 0 0 0 0 0 0 0 0 0 0 0
0 0 0 0 0 0 0 0 0 0 0 0
0 0 0 0 1 1 1 1 0 0 0 0
0 0 0 0 3 3 3 3 0 0 0 0
0 0 0 0 2 2 2 2 0 0 0 0
0 0 0 0 0 0 0 0 0 0 0 0
0 0 0 0 0 0 0 0 0 0 0 0
0 0 0 0 0 0 0 0 0 0 0 0","In the first set of images, each grid on the left has a pattern with a central green shape and different colored sections extending outward. The corresponding grid on the right simplifies the pattern by removing all sections except a horizontal line through the center, keeping only the colors that intersect this line. In the second image, the grid has a similar central green shape and different colored sections. Applying the same transformation, only the horizontal blue and yellow sections intersecting the central green shape remain.

Rule: Remove all sections except for the horizontal line through the center, keeping only colors that intersect this line.",,0,"The Evaluated Rule focuses only on the horizontal line through the center and removes all other sections, which does not align with the Ground Truth Rule that requires reproducing the entire grid and specifically replacing differently colored shapes with black pixels. The key transformation of replacing colors is missing in the Evaluated Rule.","Remove all sections except for the horizontal line through the center, keeping only colors that intersect this line.",0
2025-07-23T15:42:39,HorizontalVertical,HorizontalVertical8,3,low,0,mismatch,0,"0 0 0 0 0 0 0 0 0 0 0 0 0 0 0
0 0 0 0 0 0 0 0 0 0 0 0 0 0 0
0 0 0 0 0 0 0 0 0 0 0 0 0 0 0
0 0 0 0 0 1 0 1 0 0 0 0 0 0 0
0 0 0 0 0 1 0 1 0 0 0 0 0 0 0
0 0 0 0 0 1 0 1 0 0 0 0 0 0 0
0 0 0 0 0 1 1 1 0 0 0 0 0 0 0
0 0 0 0 0 0 1 0 0 0 0 0 0 0 0
0 0 0 0 0 0 1 0 0 0 0 0 0 0 0
0 0 0 0 0 0 1 0 0 0 0 0 0 0 0
0 0 0 0 0 0 0 0 0 0 0 0 0 0 0
0 0 0 0 0 0 0 0 0 0 0 0 0 0 0
0 0 0 0 0 0 0 0 0 0 0 0 0 0 0
0 0 0 0 0 0 0 0 0 0 0 0 0 0 0
0 0 0 0 0 0 0 0 0 0 0 0 0 0 0","By examining the first set of images, each transformation appears to remove the colored sections surrounding the central green area, leaving only the central green part. This pattern is consistent across all three examples. Applying this rule to the grid in the second image, the transformation involves removing the colored sections (magenta, blue, red, cyan), leaving only the vertical and horizontal green parts.

Rule: Remove all colored sections surrounding the central green area, leaving only the green pattern.",,0,"The Evaluated Rule specifies removing all colored sections surrounding the green area, which does not align with the Ground Truth Rule's instruction to replace differently colored shapes at the top and bottom of the green shape with black pixels. The focus of the transformation is different, leading to a different outcome.","Remove all colored sections surrounding the central green area, leaving only the green pattern.",0
2025-07-23T15:42:33,HorizontalVertical,HorizontalVertical9,1,low,0,mismatch,0,"0 0 0 0 0 0
5 0 0 0 0 0
5 0 0 0 0 0
5 0 0 0 0 0
5 4 4 4 4 4","In the first pair of grids, colors on the vertical edges are transformed into yellow, and colors on the horizontal edges become orange. All inner colors are changed to black. Applying this to the second grid, the left column turns yellow and the bottom row turns orange. All other colors become black.

Rule: Change vertical edge colors to yellow, horizontal edge colors to orange, and inner colors to black.",,1,"The Evaluated Rule specifies the same transformation of coloring vertical lines yellow and horizontal lines orange, while adding an additional specification for inner colors to be black. This does not contradict the Ground Truth Rule, as it still achieves the primary goal of coloring the grid according to the specified colors for edges.","Change vertical edge colors to yellow, horizontal edge colors to orange, and inner colors to black.",0
2025-07-23T15:42:20,HorizontalVertical,HorizontalVertical9,2,low,0,mismatch,0,"3 3 3 3 0
4 0 0 0 4
4 0 0 0 0
4 0 0 0 4
0 3 3 3 3","In the first image, the transformation from the left grid to the right grid involves changing all non-black squares to yellow and orange stripes. Specifically, vertical colored stripes become vertical yellow stripes, and horizontal colored stripes become horizontal orange stripes. This pattern is consistent in both pairs of grids in the first image. Applying this rule to the grid in the second image, we convert the top horizontal orange stripe to orange and the vertical green stripe to yellow. The bottom horizontal orange stripe remains orange.

Rule: Convert non-black vertical stripes to yellow and non-black horizontal stripes to orange.",,0,"The Evaluated Rule specifies converting non-black vertical and horizontal stripes to yellow and orange, respectively, which does not ensure the complete reproduction of the grid as required by the Ground Truth Rule. The Ground Truth Rule emphasizes coloring all vertical lines yellow and all horizontal lines orange, regardless of their original color, while the Evaluated Rule only applies to non-black stripes, potentially missing some lines.",Convert non-black vertical stripes to yellow and non-black horizontal stripes to orange.,0
2025-07-23T15:42:59,HorizontalVertical,HorizontalVertical9,3,low,0,mismatch,0,"1 1 1 1 1 1
1 1 1 1 1 1
1 1 1 1 1 1
1 1 1 1 1 1
1 1 1 1 1 1
1 1 1 1 1 1","In the given transformations, each row of colored squares on the left grid produces a corresponding row of colored squares on the right grid. The transformation rule is that each colored square on the left is translated to a new row on the right, with the color pattern extended horizontally. The black squares from the left grid remain black on the right grid. For the grid in the second image, apply this rule to each row to achieve the transformation.

Rule: Each colored square on the left grid translates to a row of the same color on the right grid. Black squares remain black.",,0,"The Evaluated Rule does not accurately reproduce the grid as specified in the Ground Truth Rule. The Ground Truth Rule requires vertical lines to be colored yellow and horizontal lines to be colored orange, while the Evaluated Rule describes a transformation that translates colored squares to rows of the same color, which does not align with the requirement of coloring lines specifically.",Each colored square on the left grid translates to a row of the same color on the right grid. Black squares remain black.,0
